"id","label","kind","summary","mechanism","learner_stages","task_types","contexts","prerequisites","constraints","risks","observable_evidence","evidence_status","evidence_confidence","evidence_basis","directness","generalizability","recommendation_status","recommendation_rationale","source_ids","tags"
"pedagogy:prior-knowledge-diagnostic","Prior-knowledge activation and diagnostic probing","principle","Elicit task-relevant prior knowledge before choosing support, because existing knowledge can enable integration or produce systematic interference.","Existing schemas reduce processing demands and supply structures for inference; an observable probe lets instruction target the current task rather than a presumed learner type.","early-childhood | K-12 | adult","concept learning | problem solving | transfer","classroom | tutoring | workplace learning","A task-bounded construct map or prerequisite hypothesis | A low-burden probe that does not reveal the target answer","Treat results as episode-specific evidence | Re-probe when context or representation changes","Inferring stable ability from one response | Using chronological age or demographic group as a substitute for evidence","Relevant knowledge and strategy use; measure=Explanation, worked response, error pattern, and response to a neutral hint; timing=Before selection and again after support; caveat=A failed probe can reflect language, access, affect, or task misunderstanding rather than absent knowledge","strong","high","National Academies cross-lifespan consensus plus convergent instructional research.","mixed-direct-and-inferential","Broad principle; the probe must be domain- and task-specific.","candidate-default-with-fit-check","Task-bounded evidence is safer than age-, label-, or preference-based routing.","source:hpl2","general | diagnostic | development | learner-evidence"
"pedagogy:contingent-scaffolding","Contingent scaffolding with fading","tactic","Provide support contingent on current evidence, reduce it as competence grows, and transfer responsibility to the learner.","Temporary prompts, models, representations, or task simplifications keep the target operation possible while preserving a path to independent performance.","early-childhood | K-12 | adult","novel complex task | strategy acquisition | guided practice","one-to-one | small group | adaptive software","A diagnosis of the current bottleneck | A support hierarchy and an independent target performance","Support must be contingent, faded, and responsibility-transferring | Check unassisted performance","Permanent prompting and learned dependence | Giving answers while preserving only superficial activity","Declining assistance with stable or improving performance; measure=Hint level, independent completion, explanation, and transfer task; timing=Across attempts and after support removal; caveat=Success while a scaffold is visible is not evidence of independent learning","context-dependent","moderate","Systematic review identifies contingency, fading, and transfer of responsibility as defining features; enactment quality varies.","mixed-direct-and-inferential","Broad across instruction, but the scaffold must fit the domain and current evidence.","contextual-option","Useful when an observed bottleneck can be supported without replacing the target cognitive work.","source:scaffolding-review | source:hpl2","general | support | adaptive | independence"
"pedagogy:cognitive-load-design","Cognitive-load-aware design","principle","Reduce avoidable processing in complex novel tasks while preserving effort that serves the learning goal.","Limited working memory constrains the number of interacting unfamiliar elements that can be processed; prior schemas reduce effective demand.","K-12 | adult","novel procedure | complex explanation | multimedia learning","instructional materials | interfaces | demonstrations","Estimate prior knowledge and element interactivity | Identify which processing is necessary for the target","Do not equate all difficulty with harmful load | Triangulate load rather than infer it from errors alone","Oversimplifying away the learning goal | Treating disputed load subtypes or self-reports as direct mental measurements | Encoding capacity as a stable learner trait","Lower avoidable effort with equal or better delayed learning; measure=Errors, time, mental-effort rating, assistance, retention, and transfer; timing=During task and on delayed independent checks; caveat=Fluent performance can reflect shallow processing; a single effort rating is insufficient","context-dependent","moderate","The limited-working-memory premise and several design effects are well supported; mechanisms, measurement, and boundary conditions remain debated.","mixed-direct-and-inferential","Strongest for novices learning high-element-interactivity material.","contextual-option","Use as a design lens tied to prior knowledge and outcomes, not as a universal difficulty minimizer.","source:cognitive-load | source:hpl2","general | working-memory | design | novice"
"pedagogy:worked-examples-fading","Worked examples followed by fading","tactic","Let novices study accurate solution processes, then progressively remove steps and shift to independent solving.","Examples reduce unproductive means-ends search and direct attention toward solution structure; fading restores retrieval and generation demands as knowledge grows.","upper-primary | secondary | adult","structured procedure | mathematics | programming | technical skill","initial instruction | guided practice","Accurate example aligned to the target | Prompts or comparison that require processing | A plan for subsequent independent practice","Prior knowledge moderates benefit | Test independent and transfer performance","Passive copying | Redundancy and expertise reversal | Examples that omit expert decision points","Independent solution structure and reduced assistance; measure=Explanation of decisions, error pattern, independent solution, and transfer; timing=After example study and after fading; caveat=Correct imitation of the shown procedure is a weak transfer measure","strong","high","Meta-analytic and evidence-rated practice-guide support for novice structured learning, with expertise and design moderators.","direct-intervention","Strongest in mathematics and well-structured tasks; less certain in open-ended domains.","candidate-default-with-fit-check","A strong candidate for novices when paired with active processing, fading, and independent checks.","source:worked-examples-meta | source:ies-study | source:cognitive-load","general | example | novice | practice"
"pedagogy:retrieval-practice","Retrieval practice / active recall","tactic","Prompt learners to recall target knowledge from memory instead of only re-exposing them to it.","Effortful retrieval strengthens future accessibility and reveals gaps; corrective feedback repairs unsuccessful or erroneous recall.","primary | secondary | adult","fact retention | concept recall | application preparation","low-stakes quiz | flashcards | free recall | classroom questioning","Enough initial encoding to attempt retrieval | Corrective feedback for errors or omissions","Keep stakes low | Vary prompts when transfer matters | Separate retrieval success from final learning","Using high-stakes testing as pedagogy | Reinforcing errors without feedback | Overfitting to item wording","Durable accessible knowledge; measure=Delayed free/cued recall plus application or inference items; timing=After a meaningful delay; caveat=Immediate quiz accuracy overstates durable learning","strong","high","Large classroom meta-analysis and evidence syntheses support a moderate average benefit with meaningful moderators.","direct-intervention","Broad across ages and content, but outcome match, feedback, repetitions, and delay matter.","candidate-default-with-fit-check","Prefer low-stakes, feedback-supported retrieval with delayed measurement.","source:retrieval-meta | source:ies-study | source:hpl2","general | memory | practice | assessment"
"pedagogy:spacing","Spacing / distributed practice","tactic","Distribute repeated encounters over time rather than massing them in one session.","Later encounters require reminding or retrieval and occur in varied temporal contexts, slowing forgetting.","primary | secondary | adult","retention | skill maintenance | relearning","curriculum scheduling | practice systems | workplace recertification","Multiple encounters | A target retention horizon","Gap choice depends on desired retention interval and difficulty | Too-long gaps can produce retrieval failure","Treating one schedule as optimal for every item | Assuming expanding gaps are always superior","Slower forgetting and efficient relearning; measure=Delayed retention curve and relearning savings; timing=Across multiple delays; caveat=In-session difficulty can increase even while long-term retention improves","strong","high","Large quantitative synthesis and evidence-rated institutional guidance.","direct-intervention","Broad for retention; exact schedules are context-dependent.","candidate-default-with-fit-check","Build revisits into curricula and tools, then adapt intervals to retention evidence.","source:spacing-meta | source:ies-study | source:hpl2","general | memory | schedule | retention"
"pedagogy:interleaving-discrimination","Interleaving for discrimination","tactic","Mix confusable categories or problem types so learners repeatedly choose the relevant concept or procedure.","Juxtaposition highlights discriminating features and practices strategy selection; part of the benefit may come from spacing.","upper-primary | secondary | adult","category induction | problem-type selection | visual discrimination","practice set | review","Some initial knowledge of each category | Items whose comparison exposes a consequential distinction","Material type and similarity moderate outcomes | Blocked acquisition may precede mixed selection practice","Universalizing from math or visual categories to prose or vocabulary | Mistaking lower practice performance for lower learning","Correct discrimination and strategy selection; measure=Delayed classification, selected method, justification, and transfer; timing=After mixed practice and delay; caveat=Measure selection, not only execution after the category is named","context-dependent","high","Meta-analysis finds a positive average with large material moderators, including null or reversed domains.","direct-intervention","Best supported for visual categories and mathematics; not general for expository text or word learning.","contextual-option","Use when the target is discrimination among confusable types and learners have initial footholds.","source:interleaving-meta | source:ies-study","general | practice | discrimination | transfer"
"pedagogy:self-explanation","Self-explanation and deep explanatory questioning","tactic","Ask learners to explain why a fact, step, representation, or causal link makes sense and how it connects to prior knowledge.","Generating explanations exposes gaps, integrates new information with schemas, and makes relations available for inference.","primary | secondary | adult","concept integration | worked-example study | causal reasoning","individual reflection | peer explanation | guided questioning","Sufficient domain knowledge to generate a meaningful explanation | A prompt aimed at a consequential relation","Provide feedback or models when explanations can entrench misconceptions | Avoid generic why prompts for every step","Fluent but incorrect explanations | Prompt overload | Scoring verbosity rather than conceptual relations","Integrated and revisable explanation; measure=Presence and correctness of causal, structural, or principle-based links plus transfer; timing=During learning and on a novel application; caveat=Longer explanations are not necessarily better","context-dependent","moderate","Evidence-rated guidance supports deep explanatory questions; effectiveness depends on knowledge, prompt, and feedback.","mixed-direct-and-inferential","Broad mechanism with domain-specific implementation.","contextual-option","Retrieve when explanation quality can be observed and corrected.","source:ies-study | source:icap | source:hpl2","general | elaboration | explanation | reasoning"
"pedagogy:actionable-feedback","Actionable task- and process-focused feedback","tactic","Give specific information about the current task or strategy and a usable next step, then allow the learner to act on it.","Feedback reduces uncertainty about the gap between current and desired performance and can redirect strategy and monitoring.","early-childhood | K-12 | adult","practice | draft revision | skill refinement","teacher feedback | peer review | adaptive system","A clear goal or success criterion | An authentic opportunity to revise or retry","Calibrate amount and timing | Preserve the learner's next cognitive action","Person-focused praise or blame | Answer-giving that creates dependence | Overload or interruption | Assuming feedback is uniformly beneficial","Feedback uptake and reduced repeated error; measure=Revision quality, next-task strategy, independent performance, and error recurrence; timing=On the next attempt and delayed transfer; caveat=Learner satisfaction is not a learning measure","strong","high","Large meta-analytic evidence shows a positive average with substantial heterogeneity and documented negative effects.","direct-intervention","Broad, but effects depend on attention target, information content, timing, and opportunity to act.","candidate-default-with-fit-check","Strong candidate when it is informative, task-focused, proportionate, and followed by action.","source:feedback-meta | source:retrieval-meta","general | feedback | revision | practice"
"pedagogy:metacognitive-calibration","Metacognitive calibration and self-regulation","framework","Teach learners to plan, monitor against evidence, select or change strategies, and evaluate outcomes.","More accurate monitoring supports better allocation of effort, strategy choice, and help seeking across a learning cycle.","upper-primary | secondary | adult","independent study | complex problem solving | long projects","classroom | online learning | workplace","Concrete domain strategies | Models and guided practice before independent regulation | External performance evidence","Use delayed or performance-grounded judgments | Fade generic prompts when learners internalize the cycle","Equating confidence with calibration | Generic reflection that adds load | Assuming novices can self-direct without knowledge","Monitoring accuracy and adaptive control; measure=Predicted-versus-actual performance, logged strategy changes, help seeking, and delayed outcome; timing=Before, during, and after a task; caveat=Self-report alone does not establish regulation or learning","context-dependent","moderate","Meta-analyses support explicit metacognitive strategy instruction, while transfer and prompt effects vary.","direct-intervention","Across school and adult learning, contingent on domain knowledge and explicit strategy instruction.","contextual-option","Use concrete, domain-grounded cycles tied to objective evidence rather than free-form reflection.","source:metacognition-meta | source:ies-study | source:hpl2","general | metacognition | self-regulation | adult"
"pedagogy:transfer-bridging","Transfer through varied cases and explicit bridging","principle","Teach for transfer by varying relevant contexts, comparing cases, naming deep structure, and testing uncued use after delay.","Learners must abstract a relevant relation, notice a cue, retrieve prior knowledge, and adapt it; each step can fail independently.","primary | secondary | adult","novel application | workplace use | cross-context reasoning","curriculum | simulation | professional training","Robust domain knowledge | Multiple cases that vary surface features while preserving target structure","Pre-specify near and far outcomes | Measure uncued and delayed use","Assuming far transfer from one example | Calling immediate isomorphic performance transfer | Using self-report as the only workplace outcome","Independent use across changed contexts; measure=Near/far task, changed representation or social setting, uncued application, and maintenance; timing=After delay and in a new context; caveat=Cued transfer and near transfer should be reported separately","context-dependent","high","Research syntheses show transfer is moderated by knowledge, cueing, similarity, context, and environment support.","mixed-direct-and-inferential","The transfer problem is general; effective bridges remain domain-specific.","contextual-option","Treat transfer as a designed and measured outcome, never an automatic consequence.","source:transfer-taxonomy | source:hpl2 | source:interleaving-meta","general | transfer | comparison | measurement"
"pedagogy:formative-assessment-cycle","Formative assessment as an adaptive cycle","framework","Elicit evidence, interpret it against a learning goal, and change the next learner or instructional action.","A valid short-cycle signal reduces uncertainty about the current gap and makes feedback, regrouping, reteaching, or learner revision responsive.","early-childhood | K-12 | adult","ongoing learning | diagnosis | revision","classroom | tutoring | training","Clear learning goal and success criteria | An elicitation aligned to the construct | Authority and time to respond","The cycle is formative only if evidence changes a next action | Keep interpretations proportional to evidence","Calling any quiz formative | Collecting dashboards without adaptation | Repeating broad effect-size claims across heterogeneous implementations","Evidence-contingent next action and gap closure; measure=Documented regrouping, reteaching, feedback uptake, revision, and follow-up task; timing=Within the instructional cycle; caveat=The existence of a score or quiz is not evidence of formative use","context-dependent","moderate","Influential positive review plus a critical review documenting definition, implementation, and magnitude problems.","mixed-direct-and-inferential","Broad logic; effects depend heavily on domain, implementation, population, and follow-through.","contextual-option","Retrieve the full evidence-to-action loop, not an assessment event in isolation.","source:formative-review | source:formative-critique | source:assessment-nrc","assessment | feedback | adaptive | measurement"
"pedagogy:assessment-triangle","Assessment triangle: cognition, observation, interpretation","framework","Align a model of the target competence, tasks that elicit relevant observations, and an interpretation model linking observations to claims.","Explicit claim-evidence-task mappings limit overinterpretation and surface construct gaps or irrelevant barriers.","early-childhood | K-12 | adult","diagnostic assessment | performance task | test design","classroom | program evaluation | large-scale assessment","Explicit construct and intended use | Task specification and interpretation rules","Validation is ongoing | Evidence burden rises with stakes","Choosing a task format before defining the claim | Overinterpreting sparse evidence | Ignoring construct-irrelevant language or interface demands","Traceable claim-evidence-task alignment; measure=Mapping coverage, scoring agreement, empirical fit, and documented limitations; timing=Before deployment and during monitoring; caveat=A coherent design argument still requires empirical evidence","normative-standard","high","National Academies consensus design framework.","consensus-design","Applies to assessment design across domains; not a causal intervention estimate.","candidate-default-with-fit-check","Use as a design and review contract for any consequential pedagogical claim.","source:assessment-nrc | source:testing-standards","assessment | validity | design | provenance"
"pedagogy:assessment-validity-precision","Validity argument and score precision","constraint","Support the intended interpretation and use with relevant evidence, and report uncertainty appropriate to the decision.","Reliability and error analysis bound score precision; a validity argument links score meaning to the construct, population, purpose, and consequences.","K-12 | adult","scoring | diagnosis | certification","classroom assessment | high stakes | automated scoring","Specified construct, population, use, and decision rule | Representative tasks, raters, and respondents","A reliable score can still be invalid | Local precision near thresholds may differ from aggregate reliability","Treating a test as universally valid | Using one point score without uncertainty | Repurposing formative data for unsupported high-stakes decisions","Supported interpretation with quantified uncertainty; measure=Validity evidence, scoring consistency, standard error or interval, subgroup checks, and decision consistency; timing=Before use and throughout deployment; caveat=No single coefficient establishes validity","normative-standard","high","Professional testing standards and National Academies assessment consensus.","normative","All assessment uses; required evidence depends on purpose and stakes.","candidate-default-with-fit-check","Require proportional evidence and uncertainty for any inference that changes learner treatment.","source:testing-standards | source:assessment-nrc","assessment | validity | reliability | high-stakes"
"pedagogy:assessment-fair-access","Fair and accessible assessment","constraint","Remove construct-irrelevant access barriers and verify whether accommodations preserve or alter the intended construct.","Accessible presentation and interaction reduce variance caused by sensory, motor, language, cultural, or technology barriers rather than target competence.","early-childhood | K-12 | adult","assessment | performance task | digital interaction","classroom | remote | high-stakes","A clearly bounded construct | Accessibility expertise, assistive-technology compatibility, and representative testing","Accommodation preserves the intended construct; modification changes it and may break comparability | Report adaptation use","Assuming identical treatment is fair | Adding access late | Silently comparing modified and unmodified scores","Comparable access to the intended construct; measure=Accessibility audit, assistive-technology completion, accommodation usability, subgroup/DIF analysis, and cognitive lab; timing=Before launch and after deployment; caveat=A subgroup score gap alone neither proves nor rules out item bias","normative-standard","high","Professional standards for fairness, accessibility, and intended score use.","normative","All assessment, especially diverse and high-stakes populations.","candidate-default-with-fit-check","Accessibility and fairness are validity conditions, not optional enhancements.","source:testing-standards | source:wcag22","assessment | accessibility | fairness | accommodation"
"pedagogy:multimedia-coherence","Coherent multimedia and integrated representations","principle","Combine words and relevant graphics when both serve the target relation, integrate references spatially or temporally, and remove seductive or redundant material.","Complementary representations can support selection, organization, and integration while coherent layout reduces avoidable search and split attention.","primary | secondary | adult","process explanation | spatial relation | system model","slides | interactive media | textbook | simulation","A target relation that benefits from depiction | Accessible alternatives for visual and auditory content","Representation choice must follow content and access needs, not a learner-style label | Signal relations explicitly","Decorative media | Narrating identical dense on-screen text | Assuming more modalities always help","Accurate integration across representations; measure=Explanation, diagram-text mapping, retention, transfer, and access-barrier report; timing=After learning and on a novel representation; caveat=Preference for a format is not evidence that it improves learning","context-dependent","moderate","Evidence-rated institutional guidance supports graphics with verbal descriptions, with cognitive-load and accessibility boundary conditions.","direct-intervention","Strongest when visuals depict relevant structure and are coherently integrated.","contextual-option","Use content-appropriate, coherent, accessible representations rather than modality matching.","source:ies-study | source:cognitive-load | source:wcag22","representation | multimedia | accessibility | cognitive-load"
"pedagogy:concrete-abstract-linking","Concrete-to-abstract representation linking","tactic","Explicitly connect concrete, visual, verbal, and symbolic representations of the same concept and explain what each preserves or hides.","Mapping across forms can ground abstract relations and later make structure available without dependence on one surface form.","early-childhood | primary | secondary","mathematics | science models | concept formation","classroom | interactive artifact","Representations that encode the same target relation | Explicit comparison or mapping","Limit simultaneous representations | Fade perceptual detail when it distracts from structure","Treating manipulatives as self-explanatory | Switching among unrelated models | Learners attend to surface features","Bidirectional mapping and structure preservation; measure=Explain correspondence, translate among forms, and solve a new-form task; timing=During comparison and after representation change; caveat=Correct manipulation without symbolic or conceptual mapping is insufficient","context-dependent","moderate","Institutional practice guides rate connected concrete-abstract representations positively, while design and learner knowledge moderate outcomes.","direct-intervention","Best established in mathematics and structured concepts.","contextual-option","Retrieve only with an explicit mapping task and a plan to test transfer across forms.","source:ies-study | source:math-intervention-wwc","representation | mathematics | concept | transfer"
"pedagogy:icap-engagement-hypothesis","ICAP cognitive-engagement ordering","framework","Classify overt engagement as passive, active, constructive, or interactive and predict deeper learning when learners generate beyond given information or co-construct reasoning.","Generative activity creates new inferences; substantive dialogue can expose and jointly repair gaps beyond each participant's initial contribution.","secondary | adult","note taking | concept mapping | self-explanation | discussion","classroom design | activity audit","A target cognitive product | Observable learner output | Interaction that is substantively co-constructive","Overt activity is only a proxy for cognitive engagement | The predicted ordering has caveats and depends on activity quality","Calling clicks active learning | Assuming any group work is interactive | Maximizing activity at the expense of knowledge or clarity","Learner-generated inference or co-construction; measure=Quality and novelty of notes, explanations, maps, dialogue uptake, and delayed learning; timing=During activity and on independent follow-up; caveat=Behavioral category alone does not establish mechanism or learning","hypothesis","moderate","Theory article integrates laboratory and classroom evidence but states an ordering hypothesis with limitations, not a universal causal law.","mixed-direct-and-inferential","Useful as an activity-audit lens; effects depend on domain, prompt, and interaction quality.","experimental-only","Use to formulate observable design predictions and compare outcomes, not to rank every activity mechanically.","source:icap","general | engagement | generation | hypothesis"
"pedagogy:structured-collaboration","Structured cooperative and collaborative learning","tactic","Design interdependent tasks with individual accountability, equitable participation, explanation, and group-process reflection.","Peer explanation, questioning, critique, and shared problem solving can deepen elaboration and reveal differences in understanding.","primary | secondary | adult","multiple-perspective problem | joint explanation | peer review","small group | project team | workplace learning","A genuinely interdependent task | Explicit roles or norms | Individual evidence of learning | Teacher or facilitator monitoring","Group size must permit participation | Assess both group process and individual outcomes","Social loafing | Status domination | One learner doing all reasoning | Group product masking individual nonlearning","Equitable substantive participation and individual learning; measure=Turn/idea distribution, explanation quality, peer uptake, identifiable contributions, and individual transfer; timing=During collaboration and after group support is removed; caveat=A polished group artifact is not evidence that every member learned","context-dependent","moderate","Classroom meta-analysis finds positive average achievement and attitude effects with substantial implementation heterogeneity.","direct-intervention","Across school and higher education when structures create accountability and productive interaction.","contextual-option","Use when the task benefits from distributed perspectives and individual learning remains observable.","source:collaboration-meta | source:icap","collaboration | explanation | accountability | equity"
"pedagogy:productive-failure","Productive failure sequence","tactic","Let prepared learners generate multiple imperfect solutions to a rich problem, then explicitly compare and consolidate those attempts into canonical knowledge.","Initial generation activates and differentiates prior knowledge, exposes gaps, and prepares attention for subsequent explanation.","secondary | adult","novel mathematics concept | conceptual problem | transfer preparation","classroom | workshop","Sufficient prerequisite knowledge | A problem allowing multiple representations | Psychological safety | Guaranteed explicit consolidation","Best evidence is for conceptual knowledge and transfer, not procedural fluency | Monitor age/readiness and affect","Relabeling unguided discovery as productive failure | Withholding instruction indefinitely | Public humiliation | Using immediate correctness as the only outcome","Diverse generation followed by conceptual reorganization; measure=Number and structure of attempts, comparison quality, conceptual explanation, delayed transfer, and separate procedural score; timing=Across generation, consolidation, and delayed assessment; caveat=Failure is productive only if the later instruction builds on it","context-dependent","high","Meta-analysis supports bounded benefits for conceptual knowledge and transfer, with negative pooled estimates for younger grades and fidelity moderators.","direct-intervention","Best supported in mathematics with older, prepared learners and high-fidelity consolidation.","contextual-option","Retrieve only with readiness evidence, affect safeguards, and an explicit consolidation phase.","source:productive-failure-meta","productive-struggle | generation | mathematics | transfer"
"pedagogy:productive-struggle","Productive struggle as a monitored design hypothesis","framework","Create calibrated challenge that preserves sense-making, then monitor whether struggle produces strategy change and progress rather than prolonged frustration.","Challenge may prompt monitoring, persistence, adaptive help seeking, and deeper processing when prerequisites and support are adequate.","upper-primary | secondary | adult","mathematical reasoning | problem solving | revision","classroom | tutoring","Clear goal | Appropriately demanding task | Psychological safety | Real-time monitoring | Hint and exit path","Operationalize both struggle and productivity | Distinguish from the narrower productive-failure sequence","Romanticizing frustration | Inequitable withholding of support | Blaming learners with grit narratives | Using time-on-task as proof of learning","Struggle with measurable progress; measure=Strategy changes, explanation refinement, error recovery, calibrated help seeking, affect, and later conceptual gain; timing=During challenge and after support; caveat=Persistence without progress is not productive","contested","low","The broad construct is inconsistently operationalized and much literature is qualitative or professional guidance; narrower productive-failure evidence should not be generalized.","mixed-direct-and-inferential","Most developed in mathematics; broad cross-domain claims are not established.","experimental-only","Use only with observable progress criteria, equity safeguards, and a support escalation plan.","source:productive-failure-meta | source:hpl2","productive-struggle | challenge | risk | hypothesis"
"pedagogy:motivation-need-support","Motivation through autonomy, competence, belonging, and purpose","principle","Offer meaningful bounded choice, achievable challenge with structure, progress evidence, relational safety, and valued purpose.","Support for autonomy, competence, and relatedness can promote more autonomous regulation, engagement, and persistence.","early-childhood | K-12 | adult","sustained learning | challenge | self-directed work","classroom | online | workplace","Real rather than illusory choices | Clear structure and competence-building support | Emotionally safe climate","Measure motivation and achievement separately | Attend to culture, identity, and context","Equating autonomy with no guidance | Forced choice | Treating motivation as a fixed learner trait | Assuming engagement guarantees learning","Autonomous engagement with learning progress; measure=Choice rationale, persistence, help seeking, need satisfaction, belonging, and objective performance; timing=Across a sequence, not one task; caveat=Self-reported enjoyment is a proximal outcome, not achievement","context-dependent","moderate","Intervention meta-analysis and National Academies consensus support need-supportive design, with heterogeneous and sometimes nonsignificant outcomes.","mixed-direct-and-inferential","Across ages, but effects and culturally meaningful enactments vary.","contextual-option","Combine choice with structure, feedback, belonging, and actual opportunities to build competence.","source:motivation-meta | source:hpl2 | source:adolescent-nasem","motivation | belonging | agency | culture"
"pedagogy:growth-mindset-warning","Growth-mindset intervention warning","anti-pattern","Do not treat brief growth-mindset messaging as a general achievement intervention or replacement for strategy, instruction, feedback, and opportunity.","The proposed path from malleability belief to challenge seeking and effort is plausible, but changing a belief does not itself supply knowledge, effective strategy, or resources.","K-12 | adult","motivation support","advising | classroom climate","If used, pair with effective strategies and structural support | Pre-register objective outcomes and manipulation checks","Separate belief change from achievement effects","Praising effort without effective strategy | Blaming learners | Replacing instruction or resources with slogans","Behavior and achievement beyond self-reported belief; measure=Challenge choice, strategy change, persistence, and long-term objective outcome; timing=After sufficient follow-up; caveat=A successful mindset manipulation is not an achievement effect","contested","high","Large critical meta-analysis found tiny overall effects and nonsignificant effects in higher-quality or bias-adjusted subsets.","direct-intervention","Does not support a general achievement intervention claim.","do-not-generalize","At most a small contextual component; never a substitute for substantive teaching and opportunity.","source:growth-mindset-meta","motivation | warning | contested | equity"
"pedagogy:learning-styles-matching","Learning-styles matching","anti-pattern","Do not classify learners into modality styles and match instruction to the preferred mode as a learning policy.","Preferences are real, but the claimed aptitude-by-treatment interaction needed to justify matching has not been demonstrated.","early-childhood | K-12 | adult","instructional design","all learning environments","None; select representation by content, goal, and accessibility instead","Learner preferences can inform comfort or choice but not causal learning claims","Stable labeling | Narrowing opportunities | Confusing accessibility needs with preferences | Misallocating design effort","Required style-by-method crossover interaction; measure=Randomized comparison of matched and mismatched instruction with objective learning outcomes; timing=After instruction and delay; caveat=Preference surveys or main effects of one format do not test the meshing hypothesis","refuted","high","Authoritative review found virtually no evidence meeting the required interaction standard and some contradictory results.","mixed-direct-and-inferential","The common meshing claim is unsupported across educational settings.","avoid","Route by content affordance, current evidence, and accessibility—not a learner-style label.","source:learning-styles","anti-pattern | representation | learner-traits | refuted"
"pedagogy:early-intentional-practice","Intentional and engaging early-childhood practice","principle","Embed explicit goals for social-emotional, language, literacy, mathematics, and executive-function skills in engaging routines, games, conversation, and shared activity.","Repeated, responsive, developmentally suitable practice builds specific skills while observation lets adults adjust challenge and language.","early-childhood","language development | early literacy | early mathematics | social-emotional practice","preschool | childcare | home partnership","A specific target skill | Developmentally suitable materials | Responsive adult interaction","Integrate with play and relationships | Interpret progressions flexibly","Worksheet-heavy schoolification | Assuming far transfer from generic executive-function games | Deficit labeling","Target skill in authentic activity; measure=Language use, social interaction, math reasoning, letter-sound knowledge, and strategy change; timing=Repeated observations across routines; caveat=A category-level guide does not validate every branded program","strong","high","WWC practice guide rates several specific early language, literacy, mathematics, and social-emotional recommendations strong; others moderate.","direct-intervention","Pre-K and school-readiness contexts; evidence strength varies by specific practice.","candidate-default-with-fit-check","Use specific evidence-rated practices while protecting play, relationship, and developmental fit.","source:early-childhood-wwc","early-childhood | development | language | mathematics"
"pedagogy:guided-play","Guided play","tactic","Combine genuine child choice and meaningful play with a clear learning goal and responsive adult questions, hints, modeling, or environment design.","Agency and exploration sustain engagement while contingent guidance focuses attention on relevant relations.","early-childhood | early-primary","early mathematics | spatial concepts | some task switching","preschool | museum | home | classroom center","Genuine choice | A specific learning goal | Responsive rather than rigid guidance","Evidence is narrow and heterogeneous | Preserve the distinction from free play and scripted direct instruction","Calling any playful-looking worksheet guided play | Assuming superiority for all literacy, social-emotional, or executive-function outcomes","Child-led exploration focused by adaptive guidance; measure=Choice, prompt contingency, persistence, explanation, and target-domain outcome; timing=During play and on a separate target check; caveat=Enjoyment alone does not show concept learning","context-dependent","moderate","Systematic review found benefits for some early math, shape, and switching outcomes, often from few studies, and nulls elsewhere.","direct-intervention","Mainly ages one to eight; strongest for selected early mathematics and spatial outcomes.","contextual-option","Retrieve with an explicit target, real child agency, responsive guidance, and domain-specific measurement.","source:guided-play-review | source:early-childhood-wwc","early-childhood | play | agency | scaffolding"
"pedagogy:responsive-language-interaction","Responsive language interaction and shared reading","tactic","Respond contingently to children's verbal and nonverbal bids and use shared books to build language, print knowledge, and world knowledge through conversation.","Joint attention and conversational turns create production practice, responsive feedback, vocabulary encounters, and links between text and experience.","infancy | early-childhood","oral language | vocabulary | print awareness | knowledge building","home | childcare | preschool","Adult attention to the child's communication | Culturally and linguistically relevant interaction | Accessible books or media","Follow the child's cues while extending language | Value multiple communication styles and home languages","Reducing quality to word counts | Blaming families | Conflating English proficiency with content knowledge","Reciprocal communication and language growth; measure=Turn contingency, child initiations, vocabulary use, print-feature knowledge, and world-knowledge explanation; timing=Across repeated interactions; caveat=Conversational-turn associations do not alone establish causality","strong","moderate","WWC rates planned vocabulary, letter-sound, and shared-reading recommendations strong; broader interaction mechanisms also have institutional support.","mixed-direct-and-inferential","Early childhood; implementation must be culturally and linguistically responsive.","candidate-default-with-fit-check","Use responsive, dialogic interaction with explicit language goals and respect for home language and culture.","source:early-childhood-wwc | source:hpl2","early-childhood | language | reading | culture"
"pedagogy:developmental-context-calibration","Developmental and cultural calibration without fixed stages","constraint","Adapt challenge, pacing, language, and support using repeated task evidence within the learner's developmental, cultural, and historical context—not a rigid age-stage gate.","Development and learning interact across biological, cognitive, social, and cultural systems; broadly patterned trajectories still vary substantially.","infancy | early-childhood | K-12 | adult | older-adult","all learning tasks","all learning environments","Repeated observations | Context and access information | Task-relevant prior-knowledge evidence","Keep hypotheses revisable and task-scoped | Separate chronological age from demonstrated readiness","Fixed developmental-stage routing | Brain-based determinism | Stereotyping groups | Inferring stable traits from one session","Improved fit under adjusted support; measure=Response to hints, pace, strategy, explanation, affect, and transfer across repeated episodes; timing=Across episodes and contexts; caveat=Observed group averages do not license individual capability claims","strong","high","National Academies consensus treats development, culture, context, and individual variability as central to learning.","consensus-design","Cross-lifespan principle; specific adaptations require local evidence.","candidate-default-with-fit-check","Make age and development contextual priors at most; route on current task evidence and revise.","source:hpl2 | source:adolescent-nasem","development | culture | lifespan | anti-stereotyping"
"pedagogy:adolescent-agency","Adolescent agency, identity, and flexible pathways","principle","Offer adolescents meaningful bounded choices, supportive relationships, reflection, and pathways connected to interests, identity, and purpose.","Increasing capacities for abstract reasoning, decision-making, and identity formation can be channeled by authentic agency and relational safety.","adolescent | emerging-adult","project | transition | goal setting | community problem","secondary school | community learning | career exploration","Authentic choices | Safe supportive relationships | Differentiated pace and access","Keep instruction and scaffolding available | Respect within-age variability","Token choice | Treating adolescents only as risk | Assuming independence without support | Neuromyths","Purposeful agency with learning progress; measure=Choice rationale, goal revision, belonging, persistence, decision quality, and project/reflection artifact; timing=Across a meaningful project or transition; caveat=Agency should not be inferred from compliance or option clicking","context-dependent","moderate","National Academies consensus recommendations; specific program effects remain implementation-dependent.","consensus-design","Roughly ages 10-25 with high individual and contextual variability.","contextual-option","Pair meaningful choice with relationships, competence support, and observable learning goals.","source:adolescent-nasem | source:hpl2","adolescent | agency | identity | motivation"
"pedagogy:accessibility-by-design","Accessibility by design","constraint","Make learning content and interaction perceivable, operable, understandable, and robust across sensory, motor, and cognitive access needs.","Semantic structure, alternatives, captions, keyboard access, visible focus, contrast, and predictable interaction remove barriers before learning can occur.","early-childhood | K-12 | adult | older-adult","digital learning | media | document | assessment","web | app | slides | remote learning","Semantic structure | Assistive-technology compatibility | Human testing with affected users","WCAG conformance is a floor, not proof of usability or learning | Retain individualized accommodations","Automated conformance treated as completion | Inaccessible fallback path | Alternative format changing the construct","Equivalent task access; measure=WCAG checks, keyboard and screen-reader completion, captions, errors, abandonment, and learner-reported barriers; timing=During design and after deployment; caveat=Accessibility enables participation but does not itself prove learning effectiveness","normative-standard","high","W3C international technical standard; learning gains require separate study.","normative","Digital content and interaction for all ages.","candidate-default-with-fit-check","Treat access as a prerequisite and verify with both conformance tests and real task completion.","source:wcag22 | source:testing-standards","accessibility | digital | standard | equity"
"pedagogy:udl-options","Universal Design for Learning options","framework","Proactively offer options for engagement, representation, and action or expression while preserving common goals and needed individualized access.","Options may reduce predictable barriers and support agency, but UDL is a multicomponent framework whose active ingredients and fidelity are often unclear.","early-childhood | K-12 | adult","lesson design | curriculum design | assessment design","in-person | digital | hybrid","Clear common learning goal | Checkpoint-level rationale and fidelity data | Accessibility and accommodation plan","Preserve construct alignment | Limit option overload | Analyze effects by component and learner group","Learning-styles matching | Substituting UDL for accommodations or assistive technology | Attributing a package effect to undefined implementation","Barrier reduction without construct drift; measure=Option uptake, access, participation, fidelity by checkpoint, objective outcomes, and subgroup evidence; timing=Across implementation; caveat=A UDL label without component detail is not a reproducible intervention","contested","moderate","Systematic review found uneven framework alignment, overlapping components, and insufficient theoretical and implementation detail.","mixed-direct-and-inferential","Promising design framework; whole-package causal effects are not established broadly.","do-not-generalize","Use checkpoint-level options as testable design hypotheses, not as proof that a UDL-branded package improves learning.","source:udl-review | source:wcag22","accessibility | UDL | options | contested"
"pedagogy:literacy-phoneme-grapheme","Explicit phoneme-grapheme mapping","tactic","Explicitly connect speech segments to letters and practice blending, segmenting, decoding, and encoding.","Stable mappings between phonemes and graphemes support accurate decoding of unfamiliar words and spelling rather than contextual guessing.","early-childhood | primary | older struggling reader","beginning reading | word reading | spelling","classroom | intervention | multilingual literacy","Access to oral language in a known language | Explicit cumulative sequence | Practice connected to print","Pair code instruction with oral language, knowledge, fluency, and comprehension | Adapt for language and disability access","Isolating oral phoneme drills indefinitely from print | Treating decoding as complete reading instruction | Guessing from pictures or context as a decoding substitute","Accurate mapping and transfer to unfamiliar print; measure=Segmentation, blending, letter-sound accuracy, pseudoword or unfamiliar-word reading, spelling, and error-type shift; timing=Across cumulative lessons and on novel words; caveat=Memorized word lists can mask weak decoding","strong","high","IES/WWC evidence-rated foundational-reading practice guide.","direct-intervention","Beginning readers and older learners with decoding gaps; language system and learner needs matter.","candidate-default-with-fit-check","Use explicit cumulative mapping when diagnostic evidence indicates an alphabetic decoding need.","source:literacy-wwc","literacy | reading | decoding | early-primary"
"pedagogy:reading-comprehension-knowledge","Reading comprehension through strategy, structure, language, and knowledge","principle","Teach a small set of comprehension strategies and text structures while building vocabulary, oral language, and topic knowledge through purposeful texts and discussion.","Strategies direct monitoring and inference; structure supports organization and recall; vocabulary and knowledge supply meanings needed to build a situation model.","primary | secondary | adult literacy","reading to learn | narrative comprehension | informational text","literacy block | content area | intervention","Text accessible enough for the learner | Relevant language and decoding support | Purposeful strategy selection","Do not replace rich knowledge building with generic strategy worksheets | Measure comprehension on unfamiliar texts","Strategy overload | Conflating word-reading errors with comprehension | Using culturally narrow background assumptions as ability evidence","Coherent text meaning and monitored understanding; measure=Retell or explanation, text-structure use, inference, vocabulary in context, and comprehension on a new text; timing=During guided reading and on independent transfer; caveat=Answering rehearsed questions on one passage is a narrow measure","strong","high","IES/WWC rates comprehension strategy instruction strong and text-structure instruction moderate, with additional contextual recommendations.","direct-intervention","Early reading comprehension; extend with age- and discipline-appropriate evidence.","candidate-default-with-fit-check","Integrate strategy, language, knowledge, text structure, and authentic meaning-making.","source:reading-comprehension-wwc | source:ell-wwc","literacy | reading | comprehension | knowledge"
"pedagogy:academic-language-multilingual","Academic language integrated with content for multilingual learners","tactic","Provide repeated meaningful encounters and productive use of high-utility academic language within grade-level disciplinary content.","Speaking, reading, and writing connect language forms to disciplinary concepts across multiple contexts and representations.","primary | secondary | adult","content learning | academic reading | disciplinary writing","multilingual classroom | content area","Selected high-utility language | Structured oral interaction | Attention to home-language and cultural knowledge","Maintain access to grade-level ideas | Distinguish language proficiency from content understanding","Decontextualized vocabulary replacing content | Deficit assumptions about multilingual learners | Assessment language obscuring the construct","Meaningful language use across modes and tasks; measure=Understanding and production in speaking, reading, writing, and novel content application; timing=Across repeated encounters and a new disciplinary task; caveat=English surface fluency is not a complete measure of disciplinary understanding","strong","high","IES/WWC evidence-rated guidance supports intensive academic vocabulary and integrated oral and written language in content teaching.","direct-intervention","Elementary and middle-school English learners; adapt to language histories and disciplines.","candidate-default-with-fit-check","Build academic language through authentic disciplinary use while preserving content rigor and multilingual assets.","source:ell-wwc | source:hpl2","literacy | multilingual | language | equity"
"pedagogy:writing-model-practice-reflect","Writing through model, practice, feedback, and reflection","tactic","Model planning, drafting, and revising decisions; guide practice; provide actionable feedback; and fade support toward purposeful independent writing.","Modeling externalizes expert decisions, guided practice builds control, and reflection supports strategy selection across genres and disciplines.","upper-primary | secondary | adult","argument | explanation | narrative | disciplinary writing","language arts | content area | professional communication","Clear audience, purpose, and criteria | Representative mentor texts | Opportunity for revision","Practice across varied tasks for transfer | Preserve rhetorical choice while teaching strategies","Formulaic checklists suppressing purpose | Surface imitation of mentor texts | Feedback without revision time","Independent purposeful writing decisions; measure=Plan, draft, revision quality, strategy choice, rubric dimensions, and transfer to a new genre; timing=Across drafts and a later independent composition; caveat=A polished teacher-supported draft does not establish independent control","strong","high","IES/WWC rates the Model-Practice-Reflect strategy strongly and reading-writing integration moderately.","direct-intervention","Secondary writing across disciplines; adapt for younger and adult writers.","candidate-default-with-fit-check","Use explicit cognitive apprenticeship with real revision and eventual independent writing.","source:writing-wwc | source:feedback-meta","writing | modeling | feedback | metacognition"
"pedagogy:early-math-progression","Early mathematics through flexible developmental progressions","framework","Sequence tasks from informal quantity knowledge toward counting, cardinality, operations, geometry, patterns, measurement, and data while building on observation.","A progression connects new mathematical language and representations to current strategies and increasingly general relations.","early-childhood | early-primary","number | operations | shape | pattern | measurement","preschool | kindergarten | playful routine","Diagnostic observation | Mathematically meaningful conversation | Developmentally suitable tasks and representations","Progressions are models, not rigid age stages | Integrate mathematics throughout the day without replacing play","Acceleration without conceptual grounding | Age-based gating | Counting routines without cardinal meaning","Strategy progression and mathematical language; measure=Quantity comparison, counting/cardinality, decomposition, operations, explanation, and transfer to a new representation; timing=Across repeated authentic tasks; caveat=Chronological age does not determine a single pathway","context-dependent","high","IES/WWC rates number-and-operations progression moderate; other areas and progress monitoring have more limited direct evidence.","direct-intervention","Preschool through kindergarten; evidence strength differs by strand.","contextual-option","Use progressions as revisable task maps informed by current strategies, not fixed learner stages.","source:early-math-wwc | source:early-childhood-wwc","mathematics | early-childhood | progression | development"
"pedagogy:math-systematic-representations","Systematic mathematical language and representation","tactic","Use explicit cumulative instruction to link precise mathematical language, quantities, selected visual or concrete models, and symbols.","Stable mappings among language, quantity, diagrams, and notation reduce ambiguity and build both conceptual and procedural access.","primary | secondary","arithmetic | fractions | word problems | algebra readiness","core instruction | targeted intervention","Diagnosis of the current mathematical bottleneck | A coherent limited representation set | Modeled and guided practice","Explain how each representation maps to the abstraction | Fade models when independent reasoning is ready","Too many competing models | Manipulatives becoming procedures without meaning | Language demands hiding mathematical knowledge","Conceptual and procedural mapping across forms; measure=Explanation, translation among representations, procedural accuracy, and generalization; timing=During intervention and on a novel representation; caveat=Successful manipulation without explaining the mathematical relation is insufficient","strong","high","IES/WWC rates systematic instruction, mathematical language, and selected representations strongly for elementary intervention.","direct-intervention","Elementary learners struggling with mathematics; adapt model and language to content.","candidate-default-with-fit-check","Use a coherent representation system tied explicitly to language, symbols, and independent reasoning.","source:math-intervention-wwc | source:ies-study","mathematics | representation | intervention | language"
"pedagogy:math-strategy-comparison","Mathematical strategy and error comparison","tactic","Compare correct, incomplete, or incorrect solutions and alternative strategies to make structural decisions and errors explicit.","Side-by-side comparison directs attention to when and why a method works and can build procedural flexibility and diagnostic reasoning.","upper-primary | secondary | adult","algebra | problem solving | error diagnosis","worked-example discussion | small group | practice set","Enough baseline knowledge to understand candidate strategies | Prompts requiring explanation | Subsequent independent solving","Use active comparison rather than passive inspection | Match complexity to prior knowledge","Mixed or negative effects for learners without baseline knowledge | Confusing exposure to an error with understanding it | Overloading novices with too many methods","Flexible, justified method choice and error repair; measure=Detect and correct error, generate another solution, select an efficient first step, justify choice, and transfer; timing=After comparison and on a new problem; caveat=Gains may appear in flexibility without uniform concept or procedure gains","context-dependent","moderate","IES algebra guide rates multiple-strategy comparison moderate; solved-problem analysis evidence is minimal and mixed.","direct-intervention","Best after initial procedural footholds in algebra and related mathematics.","contextual-option","Retrieve after diagnosing sufficient baseline knowledge and require explanation plus independent transfer.","source:algebra-wwc | source:worked-examples-meta","mathematics | comparison | error | flexibility"
"pedagogy:science-three-dimensional","Three-dimensional science learning","framework","Integrate disciplinary core ideas, crosscutting concepts, and scientific or engineering practices around phenomena and problems.","Using ideas in modeling, investigation, data analysis, explanation, and argument makes scientific knowledge coherent, revisable, and connected across contexts.","primary | secondary","scientific explanation | modeling | investigation | engineering design","K-12 science curriculum | assessment | informal science","Coherent grade-band progression | Sufficient core knowledge | Access to phenomena or data | Norms for evidence and critique","Depth over disconnected breadth | Integrate practices with concepts rather than activity alone","Unguided discovery | Activity-only inquiry | Polished model accepted without evidence or revision trace | Treating a consensus framework as one causal intervention","Evidence-based model or explanation revision; measure=Model adequacy, data interpretation, claim-evidence-reasoning, argument response, and cross-context application; timing=Across investigation and after anomalous evidence; caveat=Framework alignment is not itself proof of effectiveness","context-dependent","high","Authoritative National Research Council consensus framework grounded in learning research; enactment effects vary.","consensus-design","K-12 science and engineering; this is a normative curricular framework, not an effect estimate.","contextual-option","Use as a domain design framework with explicit knowledge scaffolds and evidence-producing practices.","source:science-framework | source:hpl2","science | inquiry | modeling | argumentation"
"pedagogy:computing-practices","Computational practices: decompose, abstract, test, refine, communicate","framework","Have learners recognize and decompose problems, develop abstractions and artifacts, test and refine them, and communicate design decisions and impacts.","Executable or inspectable artifacts make algorithms and representations testable; debugging supplies feedback for iterative model revision.","primary | secondary | adult novice","programming | data | systems | computational problem solving","K-12 computing | maker activity | introductory coding","Accessible tools | Examples and domain concepts | Explicit testing and debugging norms | Equitable participation structures","Assess reasoning and revision, not artifact completion alone | Include sociotechnical impacts and accessibility","Code production masking misconceptions | Nominal group work masking unequal participation | Treating a curricular framework as a causal intervention","Traceable computational reasoning and refinement; measure=Decomposition, abstraction, test cases, bug localization, revision, explanation, participation, and impact analysis; timing=Across artifact iterations and on a new problem; caveat=A working artifact can be copied or produced without conceptual understanding","context-dependent","moderate","Authoritative multi-organization curricular framework; intervention effectiveness depends on pedagogy and implementation.","consensus-design","K-12 computer science; adapt evidence for adult computing contexts.","contextual-option","Use the practices to elicit inspectable reasoning, with examples, debugging feedback, accessibility, and individual evidence.","source:cs-framework | source:worked-examples-meta","computing | debugging | artifact | collaboration"
"pedagogy:adult-self-directed-learning","Supported adult self-directed learning","principle","Give adults meaningful control over goals and resources when readiness, domain knowledge, time, feedback, and workplace support make self-direction viable.","Goal setting, resource selection, monitoring, and authentic application can align learning with professional needs, but these capacities are not guaranteed by age.","adult | older-adult","professional learning | continuing education | workplace problem","workplace | health professions | online course","Sufficient domain and metacognitive skill | Reliable resources | Feedback | Protected time | Supportive work environment","Combine choice with scaffolds and access | Measure workplace generalization and maintenance","Assuming all adults are inherently self-directed | Offloading instructional responsibility | Ignoring culture, power, access, aging, or workplace climate","Independent regulation and authentic transfer; measure=Goal quality, calibration, strategy and resource changes, objective skill, workplace behavior, and maintenance; timing=Across learning and later work performance; caveat=Satisfaction and completion alone do not establish learning or transfer","context-dependent","moderate","National Academies lifespan synthesis supports active engagement and self-regulation while warning that age, context, and support matter.","mixed-direct-and-inferential","Adult and workplace learning; domain-specific intervention evidence is heterogeneous.","contextual-option","Route on readiness and context evidence, never adult age alone.","source:hpl2 | source:metacognition-meta | source:transfer-taxonomy","adult | self-direction | workplace | metacognition"
"pedagogy:deliberate-practice-bounds","Deliberate practice with bounded claims","tactic","Use specific stretch goals, focused repetitions, informative feedback, and error correction for stable decomposable skills—without claiming practice alone explains expertise.","Repeated attention to a well-defined weakness plus valid feedback supports error reduction and refinement.","secondary | adult","stable decomposable skill | performance refinement","coaching | professional training | music | sport | technical skill","Valid performance standard | Reliable feedback or coaching | Manageable subskill | Recovery and motivation plan","Distinguish focused practice from rote repetition | Report access and opportunity differences","Burnout | Inequitable access to coaching | Overclaiming practice as the dominant cause of expertise | Narrow optimization harming transfer","Targeted objective performance improvement; measure=Error reduction, criterion performance, retention, transfer, and assistance needed over sessions; timing=Across spaced sessions and delayed check; caveat=Hours practiced are not equivalent to deliberate practice quality","contested","moderate","Meta-analysis supports practice as one contributor with sharply varying explained variance across domains, not a dominant universal account.","mixed-direct-and-inferential","Most plausible in stable domains with objective standards and coaching.","do-not-generalize","Use the tactic where feedback and decomposition are valid; do not convert it into an expertise or merit narrative.","source:deliberate-practice-meta | source:feedback-meta","adult | practice | expertise | contested"
"pedagogy:delayed-transfer-assessment","Delayed, varied, and transfer-oriented assessment","tactic","Assess after delay, with changed surface features or context, and report near, far, cued, and uncued outcomes separately.","Delay reveals forgetting; variation tests whether knowledge is accessible beyond the practiced representation; uncued tasks test spontaneous recognition.","primary | secondary | adult","retention | generalization | workplace transfer","classroom | training | evaluation","Pre-specified retention horizon and transfer distance | Construct-aligned tasks | Comparable access conditions","Do not collapse near and far transfer | Report assistance and cueing | Use multiple observations for consequential claims","Equating immediate performance with learning | Claiming far transfer from isomorphic items | Ignoring maintenance and context support","Durable independent use; measure=Delayed retention, near/far task, representation change, uncued application, and maintenance; timing=At meaningful delayed intervals and in a new context; caveat=Transfer distance is multidimensional and must be described, not merely labeled","context-dependent","high","Learning and transfer syntheses establish delay, cueing, similarity, and context as material dimensions of the outcome.","mixed-direct-and-inferential","Across domains; valid task design remains domain-specific.","candidate-default-with-fit-check","Use as the default verification complement to immediate performance when retention or transfer is claimed.","source:transfer-taxonomy | source:spacing-meta | source:assessment-nrc","assessment | retention | transfer | measurement"
