"id","title","authors_or_institution","year","venue","type","authority","url","doi","provenance_method","provenance_status"
"source:adding-it-up","Adding It Up","National Academies Press","2001","National Academies Press","consensus-report","institutional-consensus","https://doi.org/10.17226/9822","10.17226/9822","crossref-metadata","verified"
"source:adesope-practice-testing","Rethinking the Use of Tests: A Meta-Analysis of Practice Testing","Adesope, Olusola O.; Trevisan, Dominic A.; Sundararajan, Narayankripa","2017","Review of Educational Research","meta-analysis","primary-peer-reviewed","https://doi.org/10.3102/0034654316689306","10.3102/0034654316689306","crossref-metadata","verified"
"source:adolescent-literacy-wwc","Improving Adolescent Literacy: Effective Classroom and Intervention Practices (IES Practice Guide)","Institute of Education Sciences, What Works Clearinghouse","2008","What Works Clearinghouse","practice-guide","institutional-evidence-synthesis","https://ies.ed.gov/ncee/wwc/PracticeGuide/8","","http-resolution","verified"
"source:adolescent-nasem","The Promise of Adolescence","Committee on the Neurobiological and Socio-behavioral Science of Adolescent Development and Its Applications; Board on Children, Youth, and Families; Division of Behavioral and Social Sciences and Education; Health and Medicine Division; National Academies of Sciences, Engineering, and Medicine","2019","National Academies Press","consensus-report","institutional-consensus","https://doi.org/10.17226/25388","10.17226/25388","crossref-metadata","verified"
"source:aero","Australian Education Research Organisation evidence resources","Australian Education Research Organisation (AERO)","2025","AERO","practice-guide","institutional-evidence-synthesis","https://www.edresearch.edu.au/","","http-resolution","verified"
"source:agarwal-retrieval-classroom","Retrieval Practice Consistently Benefits Student Learning: a Systematic Review of Applied Research in Schools and Classrooms","Agarwal, Pooja K.; Nunes, Ludmila D.; Blunt, Janell R.","2021","Educational Psychology Review","systematic-review","primary-peer-reviewed","https://doi.org/10.1007/s10648-021-09595-9","10.1007/s10648-021-09595-9","crossref-metadata","verified"
"source:alfieri-discovery","Does discovery-based instruction enhance learning?","Alfieri, Louis; Brooks, Patricia J.; Aldrich, Naomi J.; Tenenbaum, Harriet R.","2011","Journal of Educational Psychology","meta-analysis","primary-peer-reviewed","https://doi.org/10.1037/a0021017","10.1037/a0021017","crossref-metadata","verified"
"source:algebra-wwc","Teaching Strategies for Improving Algebra Knowledge in Middle and High School Students (IES Practice Guide)","Institute of Education Sciences, What Works Clearinghouse","2015","What Works Clearinghouse","practice-guide","institutional-evidence-synthesis","https://ies.ed.gov/ncee/wwc/Docs/PracticeGuide/wwc_algebra_040715.pdf","","http-resolution","verified"
"source:arthur-training-meta","Effectiveness of training in organizations: A meta-analysis of design and evaluation features.","Arthur, Winfred; Bennett, Winston; Edens, Pamela S.; Bell, Suzanne T.","2003","Journal of Applied Psychology","meta-analysis","primary-peer-reviewed","https://doi.org/10.1037/0021-9010.88.2.234","10.1037/0021-9010.88.2.234","crossref-metadata","verified"
"source:ashcraft-krause","Working memory, math performance, and math anxiety","Ashcraft, Mark H.; Krause, Jeremy A.","2007","Psychonomic Bulletin &amp; Review","primary-study","primary-peer-reviewed","https://doi.org/10.3758/BF03194059","10.3758/BF03194059","crossref-metadata","verified"
"source:assessment-nrc","Knowing What Students Know","National Academies Press","2001","National Academies Press","consensus-report","institutional-consensus","https://doi.org/10.17226/10019","10.17226/10019","crossref-metadata","verified"
"source:baldwin-ford","TRANSFER OF TRAINING: A REVIEW AND DIRECTIONS FOR FUTURE RESEARCH","BALDWIN, TIMOTHY T.; FORD, J. KEVIN","1988","Personnel Psychology","systematic-review","primary-peer-reviewed","https://doi.org/10.1111/j.1744-6570.1988.tb00632.x","10.1111/j.1744-6570.1988.tb00632.x","crossref-metadata","verified"
"source:bandura-self-efficacy","Self-efficacy: Toward a unifying theory of behavioral change.","Bandura, Albert","1977","Psychological Review","framework","primary-peer-reviewed","https://doi.org/10.1037/0033-295X.84.2.191","10.1037/0033-295X.84.2.191","crossref-metadata","verified"
"source:barroso-math-anxiety","A meta-analysis of the relation between math anxiety and math achievement.","Barroso, Connie; Ganley, Colleen M.; McGraw, Amanda L.; Geer, Elyssa A.; Hart, Sara A.; Daucourt, Mia C.","2021","Psychological Bulletin","meta-analysis","primary-peer-reviewed","https://doi.org/10.1037/bul0000307","10.1037/bul0000307","crossref-metadata","verified"
"source:behavior-wwc","Reducing Behavior Problems in the Elementary School Classroom (IES Practice Guide)","Institute of Education Sciences, What Works Clearinghouse","2008","What Works Clearinghouse","practice-guide","institutional-evidence-synthesis","https://ies.ed.gov/ncee/wwc/PracticeGuide/4","","http-resolution","verified"
"source:bernard-distance","How Does Distance Education Compare With Classroom Instruction? A Meta-Analysis of the Empirical Literature","Bernard, Robert M., et al.","2004","Review of Educational Research","meta-analysis","primary-peer-reviewed","https://doi.org/10.3102/00346543074003379","10.3102/00346543074003379","crossref-metadata","verified"
"source:bjork-self-regulated","Self-Regulated Learning: Beliefs, Techniques, and Illusions","Bjork, Robert A.; Dunlosky, John; Kornell, Nate","2013","Annual Review of Psychology","systematic-review","primary-peer-reviewed","https://doi.org/10.1146/annurev-psych-113011-143823","10.1146/annurev-psych-113011-143823","crossref-metadata","verified"
"source:blair-raver-tools","Closing the Achievement Gap through Modification of Neurocognitive and Neuroendocrine Function: Results from a Cluster Randomized Controlled Trial of an Innovative Approach to the Education of Children in Kindergarten","Blair, Clancy; Raver, C. Cybele","2014","PLoS ONE","primary-study","primary-peer-reviewed","https://doi.org/10.1371/journal.pone.0112393","10.1371/journal.pone.0112393","crossref-metadata","verified"
"source:bloom-two-sigma","The 2 Sigma Problem: The Search for Methods of Group Instruction as Effective as One-to-One Tutoring","BLOOM, BENJAMIN S.","1984","Educational Researcher","primary-study","primary-peer-reviewed","https://doi.org/10.3102/0013189X013006004","10.3102/0013189X013006004","crossref-metadata","verified"
"source:blume-transfer-meta","Transfer of Training: A Meta-Analytic Review","Blume, Brian D.; Ford, J. Kevin; Baldwin, Timothy T.; Huang, Jason L.","2009","Journal of Management","meta-analysis","primary-peer-reviewed","https://doi.org/10.1177/0149206309352880","10.1177/0149206309352880","crossref-metadata","verified"
"source:booth-siegler","Numerical Magnitude Representations Influence Arithmetic Learning","Booth, Julie L; Siegler, Robert S","2008","Child Development","primary-study","primary-peer-reviewed","https://doi.org/10.1111/j.1467-8624.2008.01173.x","10.1111/j.1467-8624.2008.01173.x","crossref-metadata","verified"
"source:bryfonski-tblt","TBLT implementation and evaluation: A meta-analysis","Bryfonski, Lara; McKay, Todd H.","2017","Language Teaching Research","meta-analysis","primary-peer-reviewed","https://doi.org/10.1177/1362168817744389","10.1177/1362168817744389","crossref-metadata","verified"
"source:carless-feedback-literacy","The development of student feedback literacy: enabling uptake of feedback","Carless, David; Boud, David","2018","Assessment &amp; Evaluation in Higher Education","framework","primary-peer-reviewed","https://doi.org/10.1080/02602938.2018.1463354","10.1080/02602938.2018.1463354","crossref-metadata","verified"
"source:casel","CASEL Framework for Systemic Social and Emotional Learning","Collaborative for Academic, Social, and Emotional Learning (CASEL)","2025","CASEL","framework","institutional-consensus","https://casel.org/fundamentals-of-sel/","","http-resolution","unverified-host-blocks-automated-requests"
"source:castles-reading-wars","Ending the Reading Wars: Reading Acquisition From Novice to Expert","Castles, Anne; Rastle, Kathleen; Nation, Kate","2018","Psychological Science in the Public Interest","systematic-review","primary-peer-reviewed","https://doi.org/10.1177/1529100618772271","10.1177/1529100618772271","crossref-metadata","verified"
"source:cefr","Common European Framework of Reference for Languages (CEFR)","Council of Europe","2020","Council of Europe","framework","institutional-consensus","https://www.coe.int/en/web/common-european-framework-reference-languages","","http-resolution","unverified-host-blocks-automated-requests"
"source:chen-pbl-meta","Revisiting the effects of project-based learning on students’ academic achievement: A meta-analysis investigating moderators","Chen, Cheng-Huan; Yang, Yong-Cih","2019","Educational Research Review","meta-analysis","primary-peer-reviewed","https://doi.org/10.1016/j.edurev.2018.11.001","10.1016/j.edurev.2018.11.001","crossref-metadata","verified"
"source:chi-overt-activities","Active‐Constructive‐Interactive: A Conceptual Framework for Differentiating Learning Activities","Chi, Michelene T. H.","2009","Topics in Cognitive Science","framework","primary-peer-reviewed","https://doi.org/10.1111/j.1756-8765.2008.01005.x","10.1111/j.1756-8765.2008.01005.x","crossref-metadata","verified"
"source:chi-self-explanation","Self‐Explanations: How Students Study and Use Examples in Learning to Solve Problems","Chi, Michelene T.H.; Bassok, Miriam; Lewis, Matthew W.; Reimann, Peter; Glaser, Robert","1989","Cognitive Science","primary-study","primary-peer-reviewed","https://doi.org/10.1207/s15516709cog1302_1","10.1207/s15516709cog1302_1","crossref-metadata","verified"
"source:clark-digital-games","Digital Games, Design, and Learning","Clark, Douglas B.; Tanner-Smith, Emily E.; Killingsworth, Stephen S.","2016","Review of Educational Research","meta-analysis","primary-peer-reviewed","https://doi.org/10.3102/0034654315582065","10.3102/0034654315582065","crossref-metadata","verified"
"source:clark-paivio","Dual coding theory and education","Clark, James M.; Paivio, Allan","1991","Educational Psychology Review","framework","primary-peer-reviewed","https://doi.org/10.1007/BF01320076","10.1007/BF01320076","crossref-metadata","verified"
"source:clements-trajectories","Learning Trajectories in Mathematics Education","Clements, Douglas H.; Sarama, Julie","2004","Mathematical Thinking and Learning","framework","primary-peer-reviewed","https://doi.org/10.1207/s15327833mtl0602_1","10.1207/s15327833mtl0602_1","crossref-metadata","verified"
"source:cognitive-load","Cognitive Architecture and Instructional Design: 20 Years Later","Sweller, John; van Merriënboer, Jeroen J. G.; Paas, Fred","2019","Educational Psychology Review","systematic-review","primary-peer-reviewed","https://doi.org/10.1007/s10648-019-09465-5","10.1007/s10648-019-09465-5","crossref-metadata","verified"
"source:cohen-tutoring-meta","Educational Outcomes of Tutoring: A Meta-analysis of Findings","Cohen, Peter A; Kulik, James A.; Kulik, Chen-Lin C.","1982","American Educational Research Journal","meta-analysis","primary-peer-reviewed","https://doi.org/10.3102/00028312019002237","10.3102/00028312019002237","crossref-metadata","verified"
"source:cohen-values-affirmation","Reducing the Racial Achievement Gap: A Social-Psychological Intervention","Cohen, Geoffrey L.; Garcia, Julio; Apfel, Nancy; Master, Allison","2006","Science","primary-study","primary-peer-reviewed","https://doi.org/10.1126/science.1128317","10.1126/science.1128317","crossref-metadata","verified"
"source:collaboration-meta","A meta-analysis of the effects of face-to-face cooperative learning. Do recent studies falsify or verify earlier findings?","Kyndt, Eva; Raes, Elisabeth; Lismont, Bart; Timmers, Fran; Cascallar, Eduardo; Dochy, Filip","2013","Educational Research Review","meta-analysis","primary-peer-reviewed","https://doi.org/10.1016/j.edurev.2013.02.002","10.1016/j.edurev.2013.02.002","crossref-metadata","verified"
"source:cook-simulation-jama","Technology-Enhanced Simulation for Health Professions Education","Cook, David A., et al.","2011","JAMA","meta-analysis","primary-peer-reviewed","https://doi.org/10.1001/jama.2011.1234","10.1001/jama.2011.1234","crossref-metadata","verified"
"source:cooper-homework","Does Homework Improve Academic Achievement? A Synthesis of Research, 1987–2003","Cooper, Harris; Robinson, Jorgianne Civey; Patall, Erika A","2006","Review of Educational Research","meta-analysis","primary-peer-reviewed","https://doi.org/10.3102/00346543076001001","10.3102/00346543076001001","crossref-metadata","verified"
"source:crede-grit-meta","Much ado about grit: A meta-analytic synthesis of the grit literature.","Credé, Marcus; Tynan, Michael C.; Harms, Peter D.","2017","Journal of Personality and Social Psychology","meta-analysis","primary-peer-reviewed","https://doi.org/10.1037/pspp0000102","10.1037/pspp0000102","crossref-metadata","verified"
"source:cs-framework","K-12 Computer Science Framework","K-12 Computer Science Framework Steering Committee","2016","k12cs.org","framework","institutional-consensus","https://k12cs.org/framework-statements-by-concept/","","http-resolution","verified"
"source:dejong-simulations","Scientific Discovery Learning with Computer Simulations of Conceptual Domains","De Jong, Ton; Van Joolingen, Wouter R.","1998","Review of Educational Research","systematic-review","primary-peer-reviewed","https://doi.org/10.3102/00346543068002179","10.3102/00346543068002179","crossref-metadata","verified"
"source:dekker-neuromyths","Neuromyths in Education: Prevalence and Predictors of Misconceptions among Teachers","Dekker, Sanne; Lee, Nikki C.; Howard-Jones, Paul; Jolles, Jelle","2012","Frontiers in Psychology","primary-study","primary-peer-reviewed","https://doi.org/10.3389/fpsyg.2012.00429","10.3389/fpsyg.2012.00429","crossref-metadata","verified"
"source:deliberate-practice-meta","Deliberate Practice and Performance in Music, Games, Sports, Education, and Professions: A Meta-Analysis","Macnamara, Brooke N.; Hambrick, David Z.; Oswald, Frederick L.","2014","Psychological Science","meta-analysis","primary-peer-reviewed","https://doi.org/10.1177/0956797614535810","10.1177/0956797614535810","crossref-metadata","verified"
"source:deno-cbm","Curriculum-Based Measurement: The Emerging Alternative","Deno, Stanley L.","1985","Exceptional Children","framework","primary-peer-reviewed","https://doi.org/10.1177/001440298505200303","10.1177/001440298505200303","crossref-metadata","verified"
"source:deslauriers-feeling","Measuring actual learning versus feeling of learning in response to being actively engaged in the classroom","Deslauriers, Louis; McCarty, Logan S.; Miller, Kelly; Callaghan, Kristina; Kestin, Greg","2019","Proceedings of the National Academy of Sciences","primary-study","primary-peer-reviewed","https://doi.org/10.1073/pnas.1821936116","10.1073/pnas.1821936116","crossref-metadata","verified"
"source:deunk-differentiation","Effective differentiation Practices:A systematic review and meta-analysis of studies on the cognitive effects of differentiation practices in primary education","Deunk, Marjolein I.; Smale-Jacobse, Annemieke E.; de Boer, Hester; Doolaard, Simone; Bosker, Roel J.","2018","Educational Research Review","meta-analysis","primary-peer-reviewed","https://doi.org/10.1016/j.edurev.2018.02.002","10.1016/j.edurev.2018.02.002","crossref-metadata","verified"
"source:diamond-executive-function","Executive Functions","Diamond, Adele","2013","Annual Review of Psychology","systematic-review","primary-peer-reviewed","https://doi.org/10.1146/annurev-psych-113011-143750","10.1146/annurev-psych-113011-143750","crossref-metadata","verified"
"source:diamond-ling","Conclusions about interventions, programs, and approaches for improving executive functions that appear justified and those that, despite much hype, do not","Diamond, Adele; Ling, Daphne S.","2016","Developmental Cognitive Neuroscience","systematic-review","primary-peer-reviewed","https://doi.org/10.1016/j.dcn.2015.11.005","10.1016/j.dcn.2015.11.005","crossref-metadata","verified"
"source:diekelmann-born-sleep","The memory function of sleep","Diekelmann, Susanne; Born, Jan","2010","Nature Reviews Neuroscience","systematic-review","primary-peer-reviewed","https://doi.org/10.1038/nrn2762","10.1038/nrn2762","crossref-metadata","verified"
"source:dietrichson-low-ses","Academic Interventions for Elementary and Middle School Students With Low Socioeconomic Status: A Systematic Review and Meta-Analysis","Dietrichson, Jens; Bøg, Martin; Filges, Trine; Klint Jørgensen, Anne-Marie","2017","Review of Educational Research","meta-analysis","primary-peer-reviewed","https://doi.org/10.3102/0034654316687036","10.3102/0034654316687036","crossref-metadata","verified"
"source:dignath-buttner","Components of fostering self-regulated learning among students. A meta-analysis on intervention studies at primary and secondary school level","Dignath, Charlotte; Büttner, Gerhard","2008","Metacognition and Learning","meta-analysis","primary-peer-reviewed","https://doi.org/10.1007/s11409-008-9029-x","10.1007/s11409-008-9029-x","crossref-metadata","verified"
"source:dochy-pbl-meta","Effects of problem-based learning: a meta-analysis","Dochy, Filip; Segers, Mien; Van den Bossche, Piet; Gijbels, David","2003","Learning and Instruction","meta-analysis","primary-peer-reviewed","https://doi.org/10.1016/S0959-4752(02)00025-7","10.1016/S0959-4752(02)00025-7","crossref-metadata","verified"
"source:donnelly-physical-activity","Physical Activity, Fitness, Cognitive Function, and Academic Achievement in Children","Donnelly, Joseph E., et al.","2016","Medicine &amp; Science in Sports &amp; Exercise","systematic-review","institutional-consensus","https://doi.org/10.1249/MSS.0000000000000901","10.1249/MSS.0000000000000901","crossref-metadata","verified"
"source:double-peer-assessment","The Impact of Peer Assessment on Academic Performance: A Meta-analysis of Control Group Studies","Double, Kit S.; McGrane, Joshua A.; Hopfenbeck, Therese N.","2019","Educational Psychology Review","meta-analysis","primary-peer-reviewed","https://doi.org/10.1007/s10648-019-09510-3","10.1007/s10648-019-09510-3","crossref-metadata","verified"
"source:duckworth-grit","Grit: Perseverance and passion for long-term goals.","Duckworth, Angela L.; Peterson, Christopher; Matthews, Michael D.; Kelly, Dennis R.","2007","Journal of Personality and Social Psychology","primary-study","primary-peer-reviewed","https://doi.org/10.1037/0022-3514.92.6.1087","10.1037/0022-3514.92.6.1087","crossref-metadata","verified"
"source:dunlosky-rawson-overconfidence","Overconfidence produces underachievement: Inaccurate self evaluations undermine students’ learning and retention","Dunlosky, John; Rawson, Katherine A.","2012","Learning and Instruction","primary-study","primary-peer-reviewed","https://doi.org/10.1016/j.learninstruc.2011.08.003","10.1016/j.learninstruc.2011.08.003","crossref-metadata","verified"
"source:dunlosky-techniques","Improving Students’ Learning With Effective Learning Techniques","Dunlosky, John; Rawson, Katherine A.; Marsh, Elizabeth J.; Nathan, Mitchell J.; Willingham, Daniel T.","2013","Psychological Science in the Public Interest","systematic-review","primary-peer-reviewed","https://doi.org/10.1177/1529100612453266","10.1177/1529100612453266","crossref-metadata","verified"
"source:durkin-tnvpk","The development of place value concepts: Approximation before principles","Mix, Kelly S; Bower, Corinne A; Hancock, Gregory R; Yuan, Lei; Smith, Linda B","2022","Child Development","primary-study","primary-peer-reviewed","https://doi.org/10.1111/cdev.13724","10.1111/cdev.13724","crossref-metadata","verified"
"source:durlak-sel","The Impact of Enhancing Students’ Social and Emotional Learning: A Meta-Analysis of School-Based Universal Interventions","Durlak, Joseph A; Weissberg, Roger P; Dymnicki, Allison B; Taylor, Rebecca D; Schellinger, Kriston B","2011","Child Development","meta-analysis","primary-peer-reviewed","https://doi.org/10.1111/j.1467-8624.2010.01564.x","10.1111/j.1467-8624.2010.01564.x","crossref-metadata","verified"
"source:early-childhood-wwc","Preparing Young Children for School (IES Practice Guide)","Institute of Education Sciences, What Works Clearinghouse","2022","What Works Clearinghouse","practice-guide","institutional-evidence-synthesis","https://ies.ed.gov/ncee/wwc/PracticeGuide/30","","http-resolution","verified"
"source:early-math-nrc","Mathematics Learning in Early Childhood","National Academies Press","2009","National Academies Press","consensus-report","institutional-consensus","https://doi.org/10.17226/12519","10.17226/12519","crossref-metadata","verified"
"source:early-math-wwc","Teaching Math to Young Children (IES Practice Guide)","Institute of Education Sciences, What Works Clearinghouse","2013","What Works Clearinghouse","practice-guide","institutional-evidence-synthesis","https://ies.ed.gov/ncee/WWC/PracticeGuide/18/Published","","http-resolution","verified"
"source:eccles-wigfield-2020","From expectancy-value theory to situated expectancy-value theory: A developmental, social cognitive, and sociocultural perspective on motivation","Eccles, Jacquelynne S.; Wigfield, Allan","2020","Contemporary Educational Psychology","framework","primary-peer-reviewed","https://doi.org/10.1016/j.cedpsych.2020.101859","10.1016/j.cedpsych.2020.101859","crossref-metadata","verified"
"source:education-life-work","Education for Life and Work","National Academies Press","2012","National Academies Press","consensus-report","institutional-consensus","https://doi.org/10.17226/13398","10.17226/13398","crossref-metadata","verified"
"source:eef-toolkit","Teaching and Learning Toolkit","Education Endowment Foundation (UK)","2025","EEF","practice-guide","institutional-evidence-synthesis","https://educationendowmentfoundation.org.uk/education-evidence/teaching-learning-toolkit","","http-resolution","unverified-host-blocks-automated-requests"
"source:ehri-phonics-meta","Systematic Phonics Instruction Helps Students Learn to Read: Evidence from the National Reading Panel’s Meta-Analysis","Ehri, Linnea C.; Nunes, Simone R.; Stahl, Steven A.; Willows, Dale M.","2001","Review of Educational Research","meta-analysis","primary-peer-reviewed","https://doi.org/10.3102/00346543071003393","10.3102/00346543071003393","crossref-metadata","verified"
"source:el-stem-nasem","English Learners in STEM Subjects","Committee on Supporting English Learners in STEM Subjects; Board on Science Education; Board on Children, Youth, and Families; Division of Behavioral and Social Sciences and Education; National Academies of Sciences, Engineering, and Medicine","2018","National Academies Press","consensus-report","institutional-consensus","https://doi.org/10.17226/25182","10.17226/25182","crossref-metadata","verified"
"source:ell-wwc","Teaching Academic Content and Literacy to English Learners in Elementary and Middle School (IES Practice Guide)","Institute of Education Sciences, What Works Clearinghouse","2014","What Works Clearinghouse","practice-guide","institutional-evidence-synthesis","https://ies.ed.gov/ncee/wwc/PracticeGuide/19","","http-resolution","verified"
"source:elleman-vocabulary","The Impact of Vocabulary Instruction on Passage-Level Comprehension of School-Age Children: A Meta-Analysis","Elleman, Amy M.; Lindo, Endia J.; Morphy, Paul; Compton, Donald L.","2009","Journal of Research on Educational Effectiveness","meta-analysis","primary-peer-reviewed","https://doi.org/10.1080/19345740802539200","10.1080/19345740802539200","crossref-metadata","verified"
"source:elliot-mcgregor","A 2 × 2 achievement goal framework.","Elliot, Andrew J.; McGregor, Holly A.","2001","Journal of Personality and Social Psychology","primary-study","primary-peer-reviewed","https://doi.org/10.1037/0022-3514.80.3.501","10.1037/0022-3514.80.3.501","crossref-metadata","verified"
"source:english-learners-nasem","Promoting the Educational Success of Children and Youth Learning English","Committee on Fostering School Success for English Learners: Toward New Directions in Policy, Practice, and Research; Board on Children, Youth, and Families; Board on Science Education; Division of Behavioral and Social Sciences and Education; Health and Medicine Division; National Academies of Sciences, Engineering, and Medicine","2017","National Academies Press","consensus-report","institutional-consensus","https://doi.org/10.17226/24677","10.17226/24677","crossref-metadata","verified"
"source:ericsson-deliberate-practice","The role of deliberate practice in the acquisition of expert performance.","Ericsson, K. Anders; Krampe, Ralf T.; Tesch-Römer, Clemens","1993","Psychological Review","framework","primary-peer-reviewed","https://doi.org/10.1037/0033-295X.100.3.363","10.1037/0033-295X.100.3.363","crossref-metadata","verified"
"source:feedback-meta","The effects of feedback interventions on performance: A historical review, a meta-analysis, and a preliminary feedback intervention theory.","Kluger, Avraham N.; DeNisi, Angelo","1996","Psychological Bulletin","meta-analysis","primary-peer-reviewed","https://doi.org/10.1037/0033-2909.119.2.254","10.1037/0033-2909.119.2.254","crossref-metadata","verified"
"source:filges-class-size","Small class sizes for improving student achievement in primary and secondary schools: a systematic review","Filges, Trine; Sonne‐Schmidt, Christoffer Scavenius; Nielsen, Bjørn Christian Viinholt","2018","Campbell Systematic Reviews","systematic-review","institutional-evidence-synthesis","https://doi.org/10.4073/csr.2018.10","10.4073/csr.2018.10","crossref-metadata","verified"
"source:flore-stereotype-meta","Does stereotype threat influence performance of girls in stereotyped domains? A meta-analysis","Flore, Paulette C.; Wicherts, Jelte M.","2015","Journal of School Psychology","meta-analysis","primary-peer-reviewed","https://doi.org/10.1016/j.jsp.2014.10.002","10.1016/j.jsp.2014.10.002","crossref-metadata","verified"
"source:formative-critique","Formative assessment: a critical review","Bennett, Randy Elliot","2011","Assessment in Education: Principles, Policy &amp; Practice","systematic-review","primary-peer-reviewed","https://doi.org/10.1080/0969594X.2010.513678","10.1080/0969594X.2010.513678","crossref-metadata","verified"
"source:formative-review","Assessment and Classroom Learning","Black, Paul; Wiliam, Dylan","1998","Assessment in Education: Principles, Policy &amp; Practice","systematic-review","primary-peer-reviewed","https://doi.org/10.1080/0969595980050102","10.1080/0969595980050102","crossref-metadata","verified"
"source:fredricks-engagement","School Engagement: Potential of the Concept, State of the Evidence","Fredricks, Jennifer A; Blumenfeld, Phyllis C; Paris, Alison H","2004","Review of Educational Research","systematic-review","primary-peer-reviewed","https://doi.org/10.3102/00346543074001059","10.3102/00346543074001059","crossref-metadata","verified"
"source:freeman-active-learning","Active learning increases student performance in science, engineering, and mathematics","Freeman, Scott, et al.","2014","Proceedings of the National Academy of Sciences","meta-analysis","primary-peer-reviewed","https://doi.org/10.1073/pnas.1319030111","10.1073/pnas.1319030111","crossref-metadata","verified"
"source:fuchs-rti","Introduction to response to intervention: What, why, and how valid is it?","FUCHS, DOUGLAS; FUCHS, LYNN S.","2006","Reading Research Quarterly","framework","primary-peer-reviewed","https://doi.org/10.1598/RRQ.41.1.4","10.1598/RRQ.41.1.4","crossref-metadata","verified"
"source:furtak-inquiry","Experimental and Quasi-Experimental Studies of Inquiry-Based Science Teaching","Furtak, Erin Marie; Seidel, Tina; Iverson, Heidi; Briggs, Derek C.","2012","Review of Educational Research","meta-analysis","primary-peer-reviewed","https://doi.org/10.3102/0034654312457206","10.3102/0034654312457206","crossref-metadata","verified"
"source:fyfe-concreteness-fading","Concreteness Fading in Mathematics and Science Instruction: a Systematic Review","Fyfe, Emily R.; McNeil, Nicole M.; Son, Ji Y.; Goldstone, Robert L.","2014","Educational Psychology Review","systematic-review","primary-peer-reviewed","https://doi.org/10.1007/s10648-014-9249-3","10.1007/s10648-014-9249-3","crossref-metadata","verified"
"source:garrison-coi","Critical Inquiry in a Text-Based Environment: Computer Conferencing in Higher Education","Garrison, D.Randy; Anderson, Terry; Archer, Walter","1999","The Internet and Higher Education","framework","primary-peer-reviewed","https://doi.org/10.1016/S1096-7516(00)00016-6","10.1016/S1096-7516(00)00016-6","crossref-metadata","verified"
"source:gentner-analogical","Learning and transfer: A general role for analogical encoding.","Gentner, Dedre; Loewenstein, Jeffrey; Thompson, Leigh","2003","Journal of Educational Psychology","primary-study","primary-peer-reviewed","https://doi.org/10.1037/0022-0663.95.2.393","10.1037/0022-0663.95.2.393","crossref-metadata","verified"
"source:ginns-modality","Meta-analysis of the modality effect","Ginns, Paul","2005","Learning and Instruction","meta-analysis","primary-peer-reviewed","https://doi.org/10.1016/j.learninstruc.2005.07.001","10.1016/j.learninstruc.2005.07.001","crossref-metadata","verified"
"source:goldin-meadow-gesture","Gesturing Gives Children New Ideas About Math","Goldin-Meadow, Susan; Cook, Susan Wagner; Mitchell, Zachary A.","2009","Psychological Science","primary-study","primary-peer-reviewed","https://doi.org/10.1111/j.1467-9280.2009.02297.x","10.1111/j.1467-9280.2009.02297.x","crossref-metadata","verified"
"source:graham-elementary-writing","A meta-analysis of writing instruction for students in the elementary grades.","Graham, Steve; McKeown, Debra; Kiuhara, Sharlene; Harris, Karen R.","2012","Journal of Educational Psychology","meta-analysis","primary-peer-reviewed","https://doi.org/10.1037/a0029185","10.1037/a0029185","crossref-metadata","verified"
"source:graham-perin-writing","A meta-analysis of writing instruction for adolescent students.","Graham, Steve; Perin, Dolores","2007","Journal of Educational Psychology","meta-analysis","primary-peer-reviewed","https://doi.org/10.1037/0022-0663.99.3.445","10.1037/0022-0663.99.3.445","crossref-metadata","verified"
"source:growth-mindset-meta","Do growth mindset interventions impact students’ academic achievement? A systematic review and meta-analysis with recommendations for best practices.","Macnamara, Brooke N.; Burgoyne, Alexander P.","2023","Psychological Bulletin","meta-analysis","primary-peer-reviewed","https://doi.org/10.1037/bul0000352","10.1037/bul0000352","crossref-metadata","verified"
"source:guided-play-review","Can guidance during play enhance children’s learning and development in educational contexts? A systematic review and meta-analysis","Skene, Kayleigh; O’Farrelly, Christine M; Byrne, Elizabeth M; Kirby, Natalie; Stevens, Eloise C; Ramchandani, Paul G","2022","Child Development","systematic-review","primary-peer-reviewed","https://doi.org/10.1111/cdev.13730","10.1111/cdev.13730","crossref-metadata","verified"
"source:hannay-pair-programming","The effectiveness of pair programming: A meta-analysis","Hannay, Jo E.; Dybå, Tore; Arisholm, Erik; Sjøberg, Dag I.K.","2009","Information and Software Technology","meta-analysis","primary-peer-reviewed","https://doi.org/10.1016/j.infsof.2009.02.001","10.1016/j.infsof.2009.02.001","crossref-metadata","verified"
"source:hattie-donoghue-model","Learning strategies: a synthesis and conceptual model","Hattie, John A C; Donoghue, Gregory M","2016","npj Science of Learning","framework","primary-peer-reviewed","https://doi.org/10.1038/npjscilearn.2016.13","10.1038/npjscilearn.2016.13","crossref-metadata","verified"
"source:hattie-study-skills","Effects of Learning Skills Interventions on Student Learning: A Meta-Analysis","Hattie, John; Biggs, John; Purdie, Nola","1996","Review of Educational Research","meta-analysis","primary-peer-reviewed","https://doi.org/10.3102/00346543066002099","10.3102/00346543066002099","crossref-metadata","verified"
"source:hattie-timperley-feedback","The Power of Feedback","Hattie, John; Timperley, Helen","2007","Review of Educational Research","systematic-review","primary-peer-reviewed","https://doi.org/10.3102/003465430298487","10.3102/003465430298487","crossref-metadata","verified"
"source:heckman-perry","The rate of return to the HighScope Perry Preschool Program","Heckman, James J.; Moon, Seong Hyeok; Pinto, Rodrigo; Savelyev, Peter A.; Yavitz, Adam","2010","Journal of Public Economics","primary-study","primary-peer-reviewed","https://doi.org/10.1016/j.jpubeco.2009.11.001","10.1016/j.jpubeco.2009.11.001","crossref-metadata","verified"
"source:hertzog-enrichment","Enrichment Effects on Adult Cognitive Development","Hertzog, Christopher; Kramer, Arthur F.; Wilson, Robert S.; Lindenberger, Ulman","2008","Psychological Science in the Public Interest","systematic-review","primary-peer-reviewed","https://doi.org/10.1111/j.1539-6053.2009.01034.x","10.1111/j.1539-6053.2009.01034.x","crossref-metadata","verified"
"source:hidi-renninger","The Four-Phase Model of Interest Development","Hidi, Suzanne; Renninger, K. Ann","2006","Educational Psychologist","framework","primary-peer-reviewed","https://doi.org/10.1207/s15326985ep4102_4","10.1207/s15326985ep4102_4","crossref-metadata","verified"
"source:hmelo-silver-pbl","Problem-Based Learning: What and How Do Students Learn?","Hmelo-Silver, Cindy E.","2004","Educational Psychology Review","systematic-review","primary-peer-reviewed","https://doi.org/10.1023/B:EDPR.0000034022.16470.f3","10.1023/B:EDPR.0000034022.16470.f3","crossref-metadata","verified"
"source:honicke-broadbent","The influence of academic self-efficacy on academic performance: A systematic review","Honicke, Toni; Broadbent, Jaclyn","2016","Educational Research Review","systematic-review","primary-peer-reviewed","https://doi.org/10.1016/j.edurev.2015.11.002","10.1016/j.edurev.2015.11.002","crossref-metadata","verified"
"source:hoover-gough-svr","The simple view of reading","Hoover, Wesley A.; Gough, Philip B.","1990","Reading and Writing","framework","primary-peer-reviewed","https://doi.org/10.1007/BF00401799","10.1007/BF00401799","crossref-metadata","verified"
"source:howard-jones-neuromyths","Neuroscience and education: myths and messages","Howard-Jones, Paul A.","2014","Nature Reviews Neuroscience","systematic-review","primary-peer-reviewed","https://doi.org/10.1038/nrn3817","10.1038/nrn3817","crossref-metadata","verified"
"source:hpl1","How People Learn","National Academies Press","2000","National Academies Press","consensus-report","institutional-consensus","https://doi.org/10.17226/9853","10.17226/9853","crossref-metadata","verified"
"source:hpl2","How People Learn II","Committee on How People Learn II: The Science and Practice of Learning; Board on Behavioral, Cognitive, and Sensory Sciences; Board on Science Education; Division of Behavioral and Social Sciences and Education; National Academies of Sciences, Engineering, and Medicine","2018","National Academies Press","consensus-report","institutional-consensus","https://doi.org/10.17226/24783","10.17226/24783","crossref-metadata","verified"
"source:hulleman-utility-value","Promoting Interest and Performance in High School Science Classes","Hulleman, Chris S.; Harackiewicz, Judith M.","2009","Science","primary-study","primary-peer-reviewed","https://doi.org/10.1126/science.1177067","10.1126/science.1177067","crossref-metadata","verified"
"source:icap","The ICAP Framework: Linking Cognitive Engagement to Active Learning Outcomes","Chi, Michelene T. H.; Wylie, Ruth","2014","Educational Psychologist","framework","primary-peer-reviewed","https://doi.org/10.1080/00461520.2014.965823","10.1080/00461520.2014.965823","crossref-metadata","verified"
"source:ies-study","Organizing Instruction and Study to Improve Student Learning (IES Practice Guide)","Pashler, H.; Bain, P.; Bottge, B.; Graesser, A.; Koedinger, K.; McDaniel, M.; Metcalfe, J. / Institute of Education Sciences","2007","What Works Clearinghouse","practice-guide","institutional-evidence-synthesis","https://ies.ed.gov/ncee/wwc/PracticeGuide/1","","http-resolution","verified"
"source:interleaving-meta","Similarity matters: A meta-analysis of interleaved learning and its moderators.","Brunmair, Matthias; Richter, Tobias","2019","Psychological Bulletin","meta-analysis","primary-peer-reviewed","https://doi.org/10.1037/bul0000209","10.1037/bul0000209","crossref-metadata","verified"
"source:jitendra-schema","Improving at-risk learners’ understanding of fractions.","Fuchs, Lynn S., et al.","2013","Journal of Educational Psychology","primary-study","primary-peer-reviewed","https://doi.org/10.1037/a0032446","10.1037/a0032446","crossref-metadata","verified"
"source:johnson-cooperative","An Educational Psychology Success Story: Social Interdependence Theory and Cooperative Learning","Johnson, David W.; Johnson, Roger T.","2009","Educational Researcher","systematic-review","primary-peer-reviewed","https://doi.org/10.3102/0013189X09339057","10.3102/0013189X09339057","crossref-metadata","verified"
"source:jonsson-rubrics","The use of scoring rubrics: Reliability, validity and educational consequences","Jonsson, Anders; Svingby, Gunilla","2007","Educational Research Review","systematic-review","primary-peer-reviewed","https://doi.org/10.1016/j.edurev.2007.05.002","10.1016/j.edurev.2007.05.002","crossref-metadata","verified"
"source:jussim-harber","Teacher Expectations and Self-Fulfilling Prophecies: Knowns and Unknowns, Resolved and Unresolved Controversies","Jussim, Lee; Harber, Kent D.","2005","Personality and Social Psychology Review","systematic-review","primary-peer-reviewed","https://doi.org/10.1207/s15327957pspr0902_3","10.1207/s15327957pspr0902_3","crossref-metadata","verified"
"source:kalyuga-expertise-reversal","The Expertise Reversal Effect","Kalyuga, Slava; Ayres, Paul; Chandler, Paul; Sweller, John","2003","Educational Psychologist","systematic-review","primary-peer-reviewed","https://doi.org/10.1207/S15326985EP3801_4","10.1207/S15326985EP3801_4","crossref-metadata","verified"
"source:karpicke-blunt","Retrieval Practice Produces More Learning than Elaborative Studying with Concept Mapping","Karpicke, Jeffrey D.; Blunt, Janell R.","2011","Science","primary-study","primary-peer-reviewed","https://doi.org/10.1126/science.1199327","10.1126/science.1199327","crossref-metadata","verified"
"source:kerfoot-spaced-education","Can student tutors act as examiners in an objective structured clinical examination?","Chenot, Jean‐François, et al.","2007","Medical Education","primary-study","primary-peer-reviewed","https://doi.org/10.1111/j.1365-2923.2007.02895.x","10.1111/j.1365-2923.2007.02895.x","crossref-metadata","verified"
"source:kingston-nash-formative","Formative Assessment: A Meta-Analysis and a Call for Research","Kingston, Neal; Nash, Brooke","2011","Educational Measurement: Issues and Practice","meta-analysis","primary-peer-reviewed","https://doi.org/10.1111/j.1745-3992.2011.00220.x","10.1111/j.1745-3992.2011.00220.x","crossref-metadata","verified"
"source:kirschner-digital-native","The myths of the digital native and the multitasker","Kirschner, Paul A.; De Bruyckere, Pedro","2017","Teaching and Teacher Education","systematic-review","primary-peer-reviewed","https://doi.org/10.1016/j.tate.2017.06.001","10.1016/j.tate.2017.06.001","crossref-metadata","verified"
"source:kirschner-minimal-guidance","Why Minimal Guidance During Instruction Does Not Work: An Analysis of the Failure of Constructivist, Discovery, Problem-Based, Experiential, and Inquiry-Based Teaching","Kirschner, Paul A.; Sweller, John; Clark, Richard E.","2006","Educational Psychologist","systematic-review","primary-peer-reviewed","https://doi.org/10.1207/s15326985ep4102_1","10.1207/s15326985ep4102_1","crossref-metadata","verified"
"source:kirschner-urban-legends","Do Learners Really Know Best? Urban Legends in Education","Kirschner, Paul A.; van Merriënboer, Jeroen J.G.","2013","Educational Psychologist","systematic-review","primary-peer-reviewed","https://doi.org/10.1080/00461520.2013.804395","10.1080/00461520.2013.804395","crossref-metadata","verified"
"source:kizilcec-mooc-srl","Self-regulated learning strategies predict learner behavior and goal attainment in Massive Open Online Courses","Kizilcec, René F.; Pérez-Sanagustín, Mar; Maldonado, Jorge J.","2017","Computers &amp; Education","primary-study","primary-peer-reviewed","https://doi.org/10.1016/j.compedu.2016.10.001","10.1016/j.compedu.2016.10.001","crossref-metadata","verified"
"source:kli-framework","The Knowledge‐Learning‐Instruction Framework: Bridging the Science‐Practice Chasm to Enhance Robust Student Learning","Koedinger, Kenneth R.; Corbett, Albert T.; Perfetti, Charles","2012","Cognitive Science","framework","primary-peer-reviewed","https://doi.org/10.1111/j.1551-6709.2012.01245.x","10.1111/j.1551-6709.2012.01245.x","crossref-metadata","verified"
"source:kornell-bjork-interleaving","Learning Concepts and Categories","Kornell, Nate; Bjork, Robert A.","2008","Psychological Science","primary-study","primary-peer-reviewed","https://doi.org/10.1111/j.1467-9280.2008.02127.x","10.1111/j.1467-9280.2008.02127.x","crossref-metadata","verified"
"source:korpershoek-classroom-management","A Meta-Analysis of the Effects of Classroom Management Strategies and Classroom Management Programs on Students’ Academic, Behavioral, Emotional, and Motivational Outcomes","Korpershoek, Hanke; Harms, Truus; de Boer, Hester; van Kuijk, Mechteld; Doolaard, Simone","2016","Review of Educational Research","meta-analysis","primary-peer-reviewed","https://doi.org/10.3102/0034654315626799","10.3102/0034654315626799","crossref-metadata","verified"
"source:kraft-coaching","The Effect of Teacher Coaching on Instruction and Achievement: A Meta-Analysis of the Causal Evidence","Kraft, Matthew A.; Blazar, David; Hogan, Dylan","2018","Review of Educational Research","meta-analysis","primary-peer-reviewed","https://doi.org/10.3102/0034654318759268","10.3102/0034654318759268","crossref-metadata","verified"
"source:krathwohl-taxonomy","A Revision of Bloom's Taxonomy: An Overview","Krathwohl, David R.","2002","Theory Into Practice","framework","primary-peer-reviewed","https://doi.org/10.1207/s15430421tip4104_2","10.1207/s15430421tip4104_2","crossref-metadata","verified"
"source:kulik-fletcher-its","Effectiveness of Intelligent Tutoring Systems","Kulik, James A.; Fletcher, J. D.","2016","Review of Educational Research","meta-analysis","primary-peer-reviewed","https://doi.org/10.3102/0034654315581420","10.3102/0034654315581420","crossref-metadata","verified"
"source:kulik-mastery","Effectiveness of Mastery Learning Programs: A Meta-Analysis","Kulik, Chen-Lin C.; Kulik, James A.; Bangert-Drowns, Robert L.","1990","Review of Educational Research","meta-analysis","primary-peer-reviewed","https://doi.org/10.3102/00346543060002265","10.3102/00346543060002265","crossref-metadata","verified"
"source:kullberg-variation","What is made possible to learn when using the variation theory of learning in teaching mathematics?","Kullberg, Angelika; Runesson Kempe, Ulla; Marton, Ference","2017","ZDM","framework","primary-peer-reviewed","https://doi.org/10.1007/s11858-017-0858-4","10.1007/s11858-017-0858-4","crossref-metadata","verified"
"source:lazonder-harmsen","Meta-Analysis of Inquiry-Based Learning","Lazonder, Ard W.; Harmsen, Ruth","2016","Review of Educational Research","meta-analysis","primary-peer-reviewed","https://doi.org/10.3102/0034654315627366","10.3102/0034654315627366","crossref-metadata","verified"
"source:learning-styles","Learning Styles","Pashler, Harold; McDaniel, Mark; Rohrer, Doug; Bjork, Robert","2008","Psychological Science in the Public Interest","systematic-review","primary-peer-reviewed","https://doi.org/10.1111/j.1539-6053.2009.01038.x","10.1111/j.1539-6053.2009.01038.x","crossref-metadata","verified"
"source:li-corrective-feedback","The Effectiveness of Corrective Feedback in SLA: A Meta‐Analysis","Li, Shaofeng","2010","Language Learning","meta-analysis","primary-peer-reviewed","https://doi.org/10.1111/j.1467-9922.2010.00561.x","10.1111/j.1467-9922.2010.00561.x","crossref-metadata","verified"
"source:lillard-montessori","Montessori Preschool Elevates and Equalizes Child Outcomes: A Longitudinal Study","Lillard, Angeline S.; Heise, Megan J.; Richey, Eve M.; Tong, Xin; Hart, Alyssa; Bray, Paige M.","2017","Frontiers in Psychology","systematic-review","primary-peer-reviewed","https://doi.org/10.3389/fpsyg.2017.01783","10.3389/fpsyg.2017.01783","crossref-metadata","verified"
"source:literacy-wwc","Foundational Skills to Support Reading for Understanding in Kindergarten Through 3rd Grade (IES Practice Guide)","Institute of Education Sciences, What Works Clearinghouse","2016","What Works Clearinghouse","practice-guide","institutional-evidence-synthesis","https://ies.ed.gov/ncee/WWC/PracticeGuide/21/Published","","http-resolution","verified"
"source:locke-latham-goals","Building a practically useful theory of goal setting and task motivation: A 35-year odyssey.","Locke, Edwin A.; Latham, Gary P.","2002","American Psychologist","systematic-review","primary-peer-reviewed","https://doi.org/10.1037/0003-066X.57.9.705","10.1037/0003-066X.57.9.705","crossref-metadata","verified"
"source:ma-its-meta","Intelligent tutoring systems and learning outcomes: A meta-analysis.","Ma, Wenting; Adesope, Olusola O.; Nesbit, John C.; Liu, Qing","2014","Journal of Educational Psychology","meta-analysis","primary-peer-reviewed","https://doi.org/10.1037/a0037123","10.1037/a0037123","crossref-metadata","verified"
"source:madigan-screen-time","Association Between Screen Time and Children’s Performance on a Developmental Screening Test","Madigan, Sheri; Browne, Dillon; Racine, Nicole; Mori, Camille; Tough, Suzanne","2019","JAMA Pediatrics","primary-study","primary-peer-reviewed","https://doi.org/10.1001/jamapediatrics.2018.5056","10.1001/jamapediatrics.2018.5056","crossref-metadata","verified"
"source:marulis-vocabulary","The Effects of Vocabulary Intervention on Young Children’s Word Learning","Marulis, Loren M.; Neuman, Susan B.","2010","Review of Educational Research","meta-analysis","primary-peer-reviewed","https://doi.org/10.3102/0034654310377087","10.3102/0034654310377087","crossref-metadata","verified"
"source:math-intervention-wwc","Assisting Students Struggling with Mathematics: Intervention in the Elementary Grades (IES Practice Guide)","Institute of Education Sciences, What Works Clearinghouse","2021","What Works Clearinghouse","practice-guide","institutional-evidence-synthesis","https://ies.ed.gov/ncee/wwc/practiceguide/26","","http-resolution","verified"
"source:mayer-moreno-load","Nine Ways to Reduce Cognitive Load in Multimedia Learning","Mayer, Richard E.; Moreno, Roxana","2003","Educational Psychologist","systematic-review","primary-peer-reviewed","https://doi.org/10.1207/S15326985EP3801_6","10.1207/S15326985EP3801_6","crossref-metadata","verified"
"source:mayer-multimedia-2017","Using multimedia for e‐learning","Mayer, R.E.","2017","Journal of Computer Assisted Learning","systematic-review","primary-peer-reviewed","https://doi.org/10.1111/jcal.12197","10.1111/jcal.12197","crossref-metadata","verified"
"source:mcgaghie-simulation","Does Simulation-Based Medical Education With Deliberate Practice Yield Better Results Than Traditional Clinical Education? A Meta-Analytic Comparative Review of the Evidence","McGaghie, William C.; Issenberg, S. Barry; Cohen, Elaine R.; Barsuk, Jeffrey H.; Wayne, Diane B.","2011","Academic Medicine","meta-analysis","primary-peer-reviewed","https://doi.org/10.1097/ACM.0b013e318217e119","10.1097/ACM.0b013e318217e119","crossref-metadata","verified"
"source:melby-lervag-wm-training","Is working memory training effective? A meta-analytic review.","Melby-Lervåg, Monica; Hulme, Charles","2013","Developmental Psychology","meta-analysis","primary-peer-reviewed","https://doi.org/10.1037/a0028228","10.1037/a0028228","crossref-metadata","verified"
"source:merriam-adult-theory","Andragogy and Self‐Directed Learning: Pillars of Adult Learning Theory","Merriam, Sharan B.","2001","New Directions for Adult and Continuing Education","framework","primary-peer-reviewed","https://doi.org/10.1002/ace.3","10.1002/ace.3","crossref-metadata","verified"
"source:metacognition-meta","Long-term effects of metacognitive strategy instruction on student academic performance: A meta-analysis","de Boer, Hester; Donker, Anouk S.; Kostons, Danny D.N.M.; van der Werf, Greetje P.C.","2018","Educational Research Review","meta-analysis","primary-peer-reviewed","https://doi.org/10.1016/j.edurev.2018.03.002","10.1016/j.edurev.2018.03.002","crossref-metadata","verified"
"source:metcalfe-errors","Learning from Errors","Metcalfe, Janet","2017","Annual Review of Psychology","systematic-review","primary-peer-reviewed","https://doi.org/10.1146/annurev-psych-010416-044022","10.1146/annurev-psych-010416-044022","crossref-metadata","verified"
"source:meyer-threshold","Threshold concepts and troublesome knowledge (2): Epistemological considerations and a conceptual framework for teaching and learning","Meyer, Jan H. F.; Land, Ray","2005","Higher Education","framework","primary-peer-reviewed","https://doi.org/10.1007/s10734-004-6779-5","10.1007/s10734-004-6779-5","crossref-metadata","verified"
"source:mezirow-transformative","Transformative Learning: Theory to Practice","Mezirow, Jack","1997","New Directions for Adult and Continuing Education","framework","primary-peer-reviewed","https://doi.org/10.1002/ace.7401","10.1002/ace.7401","crossref-metadata","verified"
"source:mishra-tpack","Technological Pedagogical Content Knowledge: A Framework for Teacher Knowledge","Mishra, Punya; Koehler, Matthew J.","2006","Teachers College Record: The Voice of Scholarship in Education","framework","primary-peer-reviewed","https://doi.org/10.1111/j.1467-9620.2006.00684.x","10.1111/j.1467-9620.2006.00684.x","crossref-metadata","verified"
"source:mol-dialogic-meta","Added Value of Dialogic Parent–Child Book Readings: A Meta-Analysis","Mol, Suzanne E.; Bus, Adriana G.; de Jong, Maria T.; Smeets, Daisy J. H.","2008","Early Education and Development","meta-analysis","primary-peer-reviewed","https://doi.org/10.1080/10409280701838603","10.1080/10409280701838603","crossref-metadata","verified"
"source:morehead-replication","Note-taking habits of 21st Century college students: implications for student learning, memory, and achievement","Morehead, Kayla; Dunlosky, John; Rawson, Katherine A.; Blasiman, Rachael; Hollis, R. Benjamin","2019","Memory","primary-study","primary-peer-reviewed","https://doi.org/10.1080/09658211.2019.1569694","10.1080/09658211.2019.1569694","crossref-metadata","verified"
"source:motivation-meta","A systematic review and meta-analysis of self-determination-theory-based interventions in the education context","Wang, Yurou; Wang, Hui; Wang, Shengnan; Wind, Stefanie A.; Gill, Christopher","2024","Learning and Motivation","meta-analysis","primary-peer-reviewed","https://doi.org/10.1016/j.lmot.2024.102015","10.1016/j.lmot.2024.102015","crossref-metadata","verified"
"source:mueller-oppenheimer","The Pen Is Mightier Than the Keyboard","Mueller, Pam A.; Oppenheimer, Daniel M.","2014","Psychological Science","primary-study","primary-peer-reviewed","https://doi.org/10.1177/0956797614524581","10.1177/0956797614524581","crossref-metadata","verified"
"source:nesbit-concept-mapping","Learning With Concept and Knowledge Maps: A Meta-Analysis","Nesbit, John C.; Adesope, Olusola O.","2006","Review of Educational Research","meta-analysis","primary-peer-reviewed","https://doi.org/10.3102/00346543076003413","10.3102/00346543076003413","crossref-metadata","verified"
"source:nicol-macfarlane","Formative assessment and self‐regulated learning: a model and seven principles of good feedback practice","Nicol, David J.; Macfarlane‐Dick, Debra","2006","Studies in Higher Education","framework","primary-peer-reviewed","https://doi.org/10.1080/03075070600572090","10.1080/03075070600572090","crossref-metadata","verified"
"source:norris-ortega","Effectiveness of L2 Instruction: A Research Synthesis and Quantitative Meta‐analysis","Norris, John M.; Ortega, Lourdes","2000","Language Learning","meta-analysis","primary-peer-reviewed","https://doi.org/10.1111/0023-8333.00136","10.1111/0023-8333.00136","crossref-metadata","verified"
"source:nrp","Report of the National Reading Panel: Teaching Children to Read","National Reading Panel / National Institute of Child Health and Human Development","2000","NICHD","consensus-report","institutional-evidence-synthesis","https://www.nichd.nih.gov/publications/product/247","","http-resolution","verified"
"source:nye-teacher-effects","How Large Are Teacher Effects?","Nye, Barbara; Konstantopoulos, Spyros; Hedges, Larry V.","2004","Educational Evaluation and Policy Analysis","primary-study","primary-peer-reviewed","https://doi.org/10.3102/01623737026003237","10.3102/01623737026003237","crossref-metadata","verified"
"source:oecd-piaac","Programme for the International Assessment of Adult Competencies (PIAAC)","Organisation for Economic Co-operation and Development (OECD)","2024","OECD","framework","institutional-consensus","https://www.oecd.org/en/about/programmes/piaac.html","","http-resolution","unverified-host-blocks-automated-requests"
"source:ophir-multitasking","Cognitive control in media multitaskers","Ophir, Eyal; Nass, Clifford; Wagner, Anthony D.","2009","Proceedings of the National Academy of Sciences","primary-study","primary-peer-reviewed","https://doi.org/10.1073/pnas.0903620106","10.1073/pnas.0903620106","crossref-metadata","verified"
"source:osborne-argumentation","Enhancing the quality of argumentation in school science","Osborne, Jonathan; Erduran, Sibel; Simon, Shirley","2004","Journal of Research in Science Teaching","primary-study","primary-peer-reviewed","https://doi.org/10.1002/tea.20035","10.1002/tea.20035","crossref-metadata","verified"
"source:paas-vanmerrienboer-2020","Cognitive-Load Theory: Methods to Manage Working Memory Load in the Learning of Complex Tasks","Paas, Fred; van Merriënboer, Jeroen J. G.","2020","Current Directions in Psychological Science","systematic-review","primary-peer-reviewed","https://doi.org/10.1177/0963721420922183","10.1177/0963721420922183","crossref-metadata","verified"
"source:palincsar-brown","Reciprocal Teaching of Comprehension-Fostering and Comprehension-Monitoring Activities","Palinscar, Aannemarie Sullivan; Brown, Ann L.","1984","Cognition and Instruction","primary-study","primary-peer-reviewed","https://doi.org/10.1207/s1532690xci0102_1","10.1207/s1532690xci0102_1","crossref-metadata","verified"
"source:pan-rickard-transfer","Transfer of test-enhanced learning: Meta-analytic review and synthesis.","Pan, Steven C.; Rickard, Timothy C.","2018","Psychological Bulletin","meta-analysis","primary-peer-reviewed","https://doi.org/10.1037/bul0000151","10.1037/bul0000151","crossref-metadata","verified"
"source:panadero-self-assessment","Effects of self-assessment on self-regulated learning and self-efficacy: Four meta-analyses","Panadero, Ernesto; Jonsson, Anders; Botella, Juan","2017","Educational Research Review","systematic-review","primary-peer-reviewed","https://doi.org/10.1016/j.edurev.2017.08.004","10.1016/j.edurev.2017.08.004","crossref-metadata","verified"
"source:posner-conceptual-change","Accommodation of a scientific conception: Toward a theory of conceptual change","Posner, George J.; Strike, Kenneth A.; Hewson, Peter W.; Gertzog, William A.","1982","Science Education","framework","primary-peer-reviewed","https://doi.org/10.1002/sce.3730660207","10.1002/sce.3730660207","crossref-metadata","verified"
"source:postsecondary-tech-wwc","Using Technology to Support Postsecondary Student Learning (IES Practice Guide)","Institute of Education Sciences, What Works Clearinghouse","2018","What Works Clearinghouse","practice-guide","institutional-evidence-synthesis","https://ies.ed.gov/ncee/wwc/PracticeGuide/25","","http-resolution","verified"
"source:preschool-science-nasem","Science and Engineering in Preschool Through Elementary Grades","Committee on Enhancing Science and Engineering in Prekindergarten Through Fifth Grades; Board on Science Education; Division of Behavioral and Social Sciences and Education; National Academies of Sciences, Engineering, and Medicine","2022","National Academies Press","consensus-report","institutional-consensus","https://doi.org/10.17226/26215","10.17226/26215","crossref-metadata","verified"
"source:productive-failure-meta","When Problem Solving Followed by Instruction Works: Evidence for Productive Failure","Sinha, Tanmay; Kapur, Manu","2021","Review of Educational Research","meta-analysis","primary-peer-reviewed","https://doi.org/10.3102/00346543211019105","10.3102/00346543211019105","crossref-metadata","verified"
"source:reading-comprehension-wwc","Improving Reading Comprehension in Kindergarten Through 3rd Grade (IES Practice Guide)","Institute of Education Sciences, What Works Clearinghouse","2010","What Works Clearinghouse","practice-guide","institutional-evidence-synthesis","https://ies.ed.gov/ncee/wwc/PracticeGuide/14","","http-resolution","verified"
"source:reading-intervention-wwc","Providing Reading Interventions for Students in Grades 4-9 (IES Practice Guide)","Institute of Education Sciences, What Works Clearinghouse","2022","What Works Clearinghouse","practice-guide","institutional-evidence-synthesis","https://ies.ed.gov/ncee/wwc/PracticeGuide/29","","http-resolution","verified"
"source:recht-leslie","Effect of prior knowledge on good and poor readers' memory of text.","Recht, Donna R.; Leslie, Lauren","1988","Journal of Educational Psychology","primary-study","primary-peer-reviewed","https://doi.org/10.1037/0022-0663.80.1.16","10.1037/0022-0663.80.1.16","crossref-metadata","verified"
"source:reich-mooc","The MOOC pivot","Reich, Justin; Ruipérez-Valiente, José A.","2019","Science","systematic-review","primary-peer-reviewed","https://doi.org/10.1126/science.aav7958","10.1126/science.aav7958","crossref-metadata","verified"
"source:reisman-document-based","Reading Like a Historian: A Document-Based History Curriculum Intervention in Urban High Schools","Reisman, Avishag","2012","Cognition and Instruction","primary-study","primary-peer-reviewed","https://doi.org/10.1080/07370008.2011.634081","10.1080/07370008.2011.634081","crossref-metadata","verified"
"source:retrieval-meta","Testing (quizzing) boosts classroom learning: A systematic and meta-analytic review.","Yang, Chunliang; Luo, Liang; Vadillo, Miguel A.; Yu, Rongjun; Shanks, David R.","2021","Psychological Bulletin","meta-analysis","primary-peer-reviewed","https://doi.org/10.1037/bul0000309","10.1037/bul0000309","crossref-metadata","verified"
"source:richland-pretesting","The roles of feature-specific task set and bottom-up salience in attentional capture: An ERP study.","Eimer, Martin; Kiss, Monika; Press, Clare; Sauter, Disa","2009","Journal of Experimental Psychology: Human Perception and Performance","primary-study","primary-peer-reviewed","https://doi.org/10.1037/a0015872","10.1037/a0015872","crossref-metadata","verified"
"source:rittle-johnson-iterative","Developing conceptual understanding and procedural skill in mathematics: An iterative process.","Rittle-Johnson, Bethany; Siegler, Robert S.; Alibali, Martha Wagner","2001","Journal of Educational Psychology","primary-study","primary-peer-reviewed","https://doi.org/10.1037/0022-0663.93.2.346","10.1037/0022-0663.93.2.346","crossref-metadata","verified"
"source:rittle-johnson-star-comparison","Does comparing solution methods facilitate conceptual and procedural knowledge? An experimental study on learning to solve equations.","Rittle-Johnson, Bethany; Star, Jon R.","2007","Journal of Educational Psychology","primary-study","primary-peer-reviewed","https://doi.org/10.1037/0022-0663.99.3.561","10.1037/0022-0663.99.3.561","crossref-metadata","verified"
"source:roediger-karpicke","Test-Enhanced Learning","Roediger, Henry L.; Karpicke, Jeffrey D.","2006","Psychological Science","primary-study","primary-peer-reviewed","https://doi.org/10.1111/j.1467-9280.2006.01693.x","10.1111/j.1467-9280.2006.01693.x","crossref-metadata","verified"
"source:rohrer-taylor","The effects of overlearning and distributed practise on the retention of mathematics knowledge","Rohrer, Doug; Taylor, Kelli","2006","Applied Cognitive Psychology","primary-study","primary-peer-reviewed","https://doi.org/10.1002/acp.1266","10.1002/acp.1266","crossref-metadata","verified"
"source:roorda-relationships","The Influence of Affective Teacher–Student Relationships on Students’ School Engagement and Achievement","Roorda, Debora L.; Koomen, Helma M. Y.; Spilt, Jantine L.; Oort, Frans J.","2011","Review of Educational Research","meta-analysis","primary-peer-reviewed","https://doi.org/10.3102/0034654311421793","10.3102/0034654311421793","crossref-metadata","verified"
"source:rosenshine-principles","Principles of Instruction: Research-Based Strategies That All Teachers Should Know","Rosenshine, Barak","2012","American Educator","systematic-review","institutional-evidence-synthesis","https://www.aft.org/sites/default/files/Rosenshine.pdf","","http-resolution","verified"
"source:rosenshine-reciprocal","Reciprocal Teaching: A Review of the Research","Rosenshine, Barak; Meister, Carla","1994","Review of Educational Research","meta-analysis","primary-peer-reviewed","https://doi.org/10.3102/00346543064004479","10.3102/00346543064004479","crossref-metadata","verified"
"source:roseth-cooperative","Promoting early adolescents' achievement and peer relationships: The effects of cooperative, competitive, and individualistic goal structures.","Roseth, Cary J.; Johnson, David W.; Johnson, Roger T.","2008","Psychological Bulletin","meta-analysis","primary-peer-reviewed","https://doi.org/10.1037/0033-2909.134.2.223","10.1037/0033-2909.134.2.223","crossref-metadata","verified"
"source:rowe-wait-time","Wait Time: Slowing Down May Be A Way of Speeding Up!","Rowe, Mary Budd","1986","Journal of Teacher Education","primary-study","primary-peer-reviewed","https://doi.org/10.1177/002248718603700110","10.1177/002248718603700110","crossref-metadata","verified"
"source:rowland-testing-meta","The effect of testing versus restudy on retention: A meta-analytic review of the testing effect.","Rowland, Christopher A.","2014","Psychological Bulletin","meta-analysis","primary-peer-reviewed","https://doi.org/10.1037/a0037559","10.1037/a0037559","crossref-metadata","verified"
"source:rutten-simulations","The learning effects of computer simulations in science education","Rutten, Nico; van Joolingen, Wouter R.; van der Veen, Jan T.","2012","Computers &amp; Education","systematic-review","primary-peer-reviewed","https://doi.org/10.1016/j.compedu.2011.07.017","10.1016/j.compedu.2011.07.017","crossref-metadata","verified"
"source:ryan-deci-sdt","Self-determination theory and the facilitation of intrinsic motivation, social development, and well-being.","Ryan, Richard M.; Deci, Edward L.","2000","American Psychologist","framework","primary-peer-reviewed","https://doi.org/10.1037/0003-066X.55.1.68","10.1037/0003-066X.55.1.68","crossref-metadata","verified"
"source:sadler-formative","Formative assessment and the design of instructional systems","Sadler, D. Royce","1989","Instructional Science","framework","primary-peer-reviewed","https://doi.org/10.1007/BF00117714","10.1007/BF00117714","crossref-metadata","verified"
"source:sailer-gamification","The Gamification of Learning: a Meta-analysis","Sailer, Michael; Homner, Lisa","2019","Educational Psychology Review","meta-analysis","primary-peer-reviewed","https://doi.org/10.1007/s10648-019-09498-w","10.1007/s10648-019-09498-w","crossref-metadata","verified"
"source:sala-gobet-music","Cognitive and academic benefits of music training with children: A multilevel meta-analysis","Sala, Giovanni; Gobet, Fernand","2020","Memory &amp; Cognition","meta-analysis","primary-peer-reviewed","https://doi.org/10.3758/s13421-020-01060-2","10.3758/s13421-020-01060-2","crossref-metadata","verified"
"source:salthouse-aging","What and When of Cognitive Aging","Salthouse, Timothy A.","2004","Current Directions in Psychological Science","systematic-review","primary-peer-reviewed","https://doi.org/10.1111/j.0963-7214.2004.00293.x","10.1111/j.0963-7214.2004.00293.x","crossref-metadata","verified"
"source:scaffolding-review","Scaffolding in Teacher–Student Interaction: A Decade of Research","van de Pol, Janneke; Volman, Monique; Beishuizen, Jos","2010","Educational Psychology Review","systematic-review","primary-peer-reviewed","https://doi.org/10.1007/s10648-010-9127-6","10.1007/s10648-010-9127-6","crossref-metadata","verified"
"source:scherer-computational-thinking","The cognitive benefits of learning computer programming: A meta-analysis of transfer effects.","Scherer, Ronny; Siddiq, Fazilat; Sánchez Viveros, Bárbara","2019","Journal of Educational Psychology","meta-analysis","primary-peer-reviewed","https://doi.org/10.1037/edu0000314","10.1037/edu0000314","crossref-metadata","verified"
"source:schwartz-martin-invention","Inventing to Prepare for Future Learning: The Hidden Efficiency of Encouraging Original Student Production in Statistics Instruction","Schwartz, Daniel L.; Martin, Taylor","2004","Cognition and Instruction","primary-study","primary-peer-reviewed","https://doi.org/10.1207/s1532690xci2202_1","10.1207/s1532690xci2202_1","crossref-metadata","verified"
"source:science-framework","A Framework for K-12 Science Education","National Academies Press","2012","National Academies Press","consensus-report","institutional-consensus","https://doi.org/10.17226/13165","10.17226/13165","crossref-metadata","verified"
"source:senechal-lefevre","Parental Involvement in the Development of Children’s Reading Skill: A Five-Year Longitudinal Study","Sénéchal, Monique; LeFevre, Jo-Anne","2002","Child Development","primary-study","primary-peer-reviewed","https://doi.org/10.1111/1467-8624.00417","10.1111/1467-8624.00417","crossref-metadata","verified"
"source:shanahan-disciplinary","Teaching Disciplinary Literacy to Adolescents: Rethinking Content- Area Literacy","SHANAHAN, TIMOTHY; SHANAHAN, CYNTHIA","2008","Harvard Educational Review","framework","primary-peer-reviewed","https://doi.org/10.17763/haer.78.1.v62444321p602101","10.17763/haer.78.1.v62444321p602101","crossref-metadata","verified"
"source:shea-morgan-contextual","Contextual interference effects on the acquisition, retention, and transfer of a motor skill.","Shea, John B.; Morgan, Robyn L.","1979","Journal of Experimental Psychology: Human Learning and Memory","primary-study","primary-peer-reviewed","https://doi.org/10.1037/0278-7393.5.2.179","10.1037/0278-7393.5.2.179","crossref-metadata","verified"
"source:shute-formative-feedback","Focus on Formative Feedback","Shute, Valerie J.","2008","Review of Educational Research","systematic-review","primary-peer-reviewed","https://doi.org/10.3102/0034654307313795","10.3102/0034654307313795","crossref-metadata","verified"
"source:siegler-ramani-games","Playing linear number board games—but not circular ones—improves low-income preschoolers’ numerical understanding.","Siegler, Robert S.; Ramani, Geetha B.","2009","Journal of Educational Psychology","primary-study","primary-peer-reviewed","https://doi.org/10.1037/a0014239","10.1037/a0014239","crossref-metadata","verified"
"source:simons-brain-training","Do “Brain-Training” Programs Work?","Simons, Daniel J., et al.","2016","Psychological Science in the Public Interest","systematic-review","primary-peer-reviewed","https://doi.org/10.1177/1529100616661983","10.1177/1529100616661983","crossref-metadata","verified"
"source:sirin-ses-meta","Socioeconomic Status and Academic Achievement: A Meta-Analytic Review of Research","Sirin, Selcuk R.","2005","Review of Educational Research","meta-analysis","primary-peer-reviewed","https://doi.org/10.3102/00346543075003417","10.3102/00346543075003417","crossref-metadata","verified"
"source:sisk-mindset-meta","To What Extent and Under Which Circumstances Are Growth Mind-Sets Important to Academic Achievement? Two Meta-Analyses","Sisk, Victoria F.; Burgoyne, Alexander P.; Sun, Jingze; Butler, Jennifer L.; Macnamara, Brooke N.","2018","Psychological Science","meta-analysis","primary-peer-reviewed","https://doi.org/10.1177/0956797617739704","10.1177/0956797617739704","crossref-metadata","verified"
"source:slamecka-generation","The generation effect: Delineation of a phenomenon.","Slamecka, Norman J.; Graf, Peter","1978","Journal of Experimental Psychology: Human Learning and Memory","primary-study","primary-peer-reviewed","https://doi.org/10.1037/0278-7393.4.6.592","10.1037/0278-7393.4.6.592","crossref-metadata","verified"
"source:smith-misconceptions","Misconceptions Reconceived: A Constructivist Analysis of Knowledge in Transition","Smith III, John P.; diSessa, Andrea A.; Roschelle, Jeremy","1994","Journal of the Learning Sciences","framework","primary-peer-reviewed","https://doi.org/10.1207/s15327809jls0302_1","10.1207/s15327809jls0302_1","crossref-metadata","verified"
"source:soderstrom-bjork","Learning Versus Performance","Soderstrom, Nicholas C.; Bjork, Robert A.","2015","Perspectives on Psychological Science","systematic-review","primary-peer-reviewed","https://doi.org/10.1177/1745691615569000","10.1177/1745691615569000","crossref-metadata","verified"
"source:spacing-meta","Distributed practice in verbal recall tasks: A review and quantitative synthesis.","Cepeda, Nicholas J.; Pashler, Harold; Vul, Edward; Wixted, John T.; Rohrer, Doug","2006","Psychological Bulletin","meta-analysis","primary-peer-reviewed","https://doi.org/10.1037/0033-2909.132.3.354","10.1037/0033-2909.132.3.354","crossref-metadata","verified"
"source:springer-small-group","Effects of Small-Group Learning on Undergraduates in Science, Mathematics, Engineering, and Technology: A Meta-Analysis","Springer, Leonard; Stanne, Mary Elizabeth; Donovan, Samuel S.","1999","Review of Educational Research","meta-analysis","primary-peer-reviewed","https://doi.org/10.3102/00346543069001021","10.3102/00346543069001021","crossref-metadata","verified"
"source:steele-aronson","Stereotype threat and the intellectual test performance of African Americans.","Steele, Claude M.; Aronson, Joshua","1995","Journal of Personality and Social Psychology","primary-study","primary-peer-reviewed","https://doi.org/10.1037/0022-3514.69.5.797","10.1037/0022-3514.69.5.797","crossref-metadata","verified"
"source:steenbergen-grouping","What One Hundred Years of Research Says About the Effects of Ability Grouping and Acceleration on K–12 Students’ Academic Achievement","Steenbergen-Hu, Saiying; Makel, Matthew C.; Olszewski-Kubilius, Paula","2016","Review of Educational Research","meta-analysis","primary-peer-reviewed","https://doi.org/10.3102/0034654316675417","10.3102/0034654316675417","crossref-metadata","verified"
"source:sweller-1988","The Processes of Scientific Discovery: The Strategy of Experimentation","Kulkarni, Deepak; Simon, Herbert A.","1988","Cognitive Science","primary-study","primary-peer-reviewed","https://doi.org/10.1207/s15516709cog1202_1","10.1207/s15516709cog1202_1","crossref-metadata","verified"
"source:taylor-sel-followup","Promoting Positive Youth Development Through School-Based Social and Emotional Learning Interventions: A Meta-Analysis of Follow-Up Effects","Taylor, Rebecca D; Oberle, Eva; Durlak, Joseph A; Weissberg, Roger P","2017","Child Development","meta-analysis","primary-peer-reviewed","https://doi.org/10.1111/cdev.12864","10.1111/cdev.12864","crossref-metadata","verified"
"source:testing-standards","Standards for Educational and Psychological Testing","American Educational Research Association; American Psychological Association; National Council on Measurement in Education","2014","AERA/APA/NCME","professional-standard","normative-standard","https://www.apa.org/science/programs/testing/standards","","http-resolution","verified"
"source:theobald-active-equity","Active learning narrows achievement gaps for underrepresented students in undergraduate science, technology, engineering, and math","Theobald, Elli J., et al.","2020","Proceedings of the National Academy of Sciences","meta-analysis","primary-peer-reviewed","https://doi.org/10.1073/pnas.1916903117","10.1073/pnas.1916903117","crossref-metadata","verified"
"source:therrien-repeated-reading","Fluency and Comprehension Gains as a Result of Repeated Reading","Therrien, William J.","2004","Remedial and Special Education","meta-analysis","primary-peer-reviewed","https://doi.org/10.1177/07419325040250040801","10.1177/07419325040250040801","crossref-metadata","verified"
"source:transfer-taxonomy","When and where do we apply what we learn?: A taxonomy for far transfer.","Barnett, Susan M.; Ceci, Stephen J.","2002","Psychological Bulletin","systematic-review","primary-peer-reviewed","https://doi.org/10.1037/0033-2909.128.4.612","10.1037/0033-2909.128.4.612","crossref-metadata","verified"
"source:udl-guidelines","Universal Design for Learning Guidelines 3.0","CAST","2024","CAST","framework","institutional-consensus","https://udlguidelines.cast.org/","","http-resolution","verified"
"source:udl-review","Unraveling Challenges with the Implementation of Universal Design for Learning: A Systematic Literature Review","Zhang, Ling; Carter, Richard Allen; Greene, Jeffrey A.; Bernacki, Matthew L.","2024","Educational Psychology Review","systematic-review","primary-peer-reviewed","https://doi.org/10.1007/s10648-024-09860-7","10.1007/s10648-024-09860-7","crossref-metadata","verified"
"source:umapathy-pair-programming","A Meta-Analysis of Pair-Programming in Computer Programming Courses","Umapathy, Karthikeyan; Ritzhaupt, Albert D.","2017","ACM Transactions on Computing Education","meta-analysis","primary-peer-reviewed","https://doi.org/10.1145/2996201","10.1145/2996201","crossref-metadata","verified"
"source:unesco-inclusion","Inclusion in education","UNESCO","2024","UNESCO","framework","institutional-consensus","https://www.unesco.org/en/inclusion-education","","http-resolution","verified"
"source:uttal-spatial-training","The malleability of spatial skills: A meta-analysis of training studies.","Uttal, David H., et al.","2013","Psychological Bulletin","meta-analysis","primary-peer-reviewed","https://doi.org/10.1037/a0028446","10.1037/a0028446","crossref-metadata","verified"
"source:vanalten-flipped","Effects of flipping the classroom on learning outcomes and satisfaction: A meta-analysis","van Alten, David C.D.; Phielix, Chris; Janssen, Jeroen; Kester, Liesbeth","2019","Educational Research Review","meta-analysis","primary-peer-reviewed","https://doi.org/10.1016/j.edurev.2019.05.003","10.1016/j.edurev.2019.05.003","crossref-metadata","verified"
"source:vanlehn-tutoring","The Relative Effectiveness of Human Tutoring, Intelligent Tutoring Systems, and Other Tutoring Systems","VanLEHN, KURT","2011","Educational Psychologist","systematic-review","primary-peer-reviewed","https://doi.org/10.1080/00461520.2011.611369","10.1080/00461520.2011.611369","crossref-metadata","verified"
"source:vosniadou-conceptual-change","Capturing and modeling the process of conceptual change","Vosniadou, Stella","1994","Learning and Instruction","framework","primary-peer-reviewed","https://doi.org/10.1016/0959-4752(94)90018-3","10.1016/0959-4752(94)90018-3","crossref-metadata","verified"
"source:walton-cohen-belonging","A Brief Social-Belonging Intervention Improves Academic and Health Outcomes of Minority Students","Walton, Gregory M.; Cohen, Geoffrey L.","2011","Science","primary-study","primary-peer-reviewed","https://doi.org/10.1126/science.1198364","10.1126/science.1198364","crossref-metadata","verified"
"source:wang-degol-climate","School Climate: a Review of the Construct, Measurement, and Impact on Student Outcomes","Wang, Ming-Te; Degol, Jessica L.","2015","Educational Psychology Review","systematic-review","primary-peer-reviewed","https://doi.org/10.1007/s10648-015-9319-1","10.1007/s10648-015-9319-1","crossref-metadata","verified"
"source:waterhouse-mi-critique","Multiple Intelligences, the Mozart Effect, and Emotional Intelligence: A Critical Review","Waterhouse, Lynn","2006","Educational Psychologist","systematic-review","primary-peer-reviewed","https://doi.org/10.1207/s15326985ep4104_1","10.1207/s15326985ep4104_1","crossref-metadata","verified"
"source:wcag22","Web Content Accessibility Guidelines (WCAG) 2.2","World Wide Web Consortium (W3C)","2023","W3C Recommendation","professional-standard","normative-standard","https://www.w3.org/TR/WCAG22/","","http-resolution","verified"
"source:weisberg-guided-play","Guided Play: Where Curricular Goals Meet a Playful Pedagogy","Weisberg, Deena Skolnick; Hirsh‐Pasek, Kathy; Golinkoff, Roberta Michnick","2013","Mind, Brain, and Education","framework","primary-peer-reviewed","https://doi.org/10.1111/mbe.12015","10.1111/mbe.12015","crossref-metadata","verified"
"source:wheaton-school-start","School Start Times, Sleep, Behavioral, Health, and Academic Outcomes: A Review of the Literature","Wheaton, Anne G.; Chapman, Daniel P.; Croft, Janet B.","2016","Journal of School Health","systematic-review","institutional-evidence-synthesis","https://doi.org/10.1111/josh.12388","10.1111/josh.12388","crossref-metadata","verified"
"source:whitehurst-dialogic","Accelerating language development through picture book reading.","Whitehurst, G. J., et al.","1988","Developmental Psychology","primary-study","primary-peer-reviewed","https://doi.org/10.1037/0012-1649.24.4.552","10.1037/0012-1649.24.4.552","crossref-metadata","verified"
"source:wiliam-assessment","What is assessment for learning?","Wiliam, Dylan","2011","Studies in Educational Evaluation","systematic-review","primary-peer-reviewed","https://doi.org/10.1016/j.stueduc.2011.03.001","10.1016/j.stueduc.2011.03.001","crossref-metadata","verified"
"source:willingham-learning-styles","The Scientific Status of Learning Styles Theories","Willingham, Daniel T.; Hughes, Elizabeth M.; Dobolyi, David G.","2015","Teaching of Psychology","systematic-review","primary-peer-reviewed","https://doi.org/10.1177/0098628315589505","10.1177/0098628315589505","crossref-metadata","verified"
"source:wineburg-historical","Historical problem solving: A study of the cognitive processes used in the evaluation of documentary and pictorial evidence.","Wineburg, Samuel S.","1991","Journal of Educational Psychology","primary-study","primary-peer-reviewed","https://doi.org/10.1037/0022-0663.83.1.73","10.1037/0022-0663.83.1.73","crossref-metadata","verified"
"source:winstein-schmidt","Reduced frequency of knowledge of results enhances motor skill learning.","Winstein, Carolee J.; Schmidt, Richard A.","1990","Journal of Experimental Psychology: Learning, Memory, and Cognition","primary-study","primary-peer-reviewed","https://doi.org/10.1037/0278-7393.16.4.677","10.1037/0278-7393.16.4.677","crossref-metadata","verified"
"source:wisniewski-feedback-meta","The Power of Feedback Revisited: A Meta-Analysis of Educational Feedback Research","Wisniewski, Benedikt; Zierer, Klaus; Hattie, John","2020","Frontiers in Psychology","meta-analysis","primary-peer-reviewed","https://doi.org/10.3389/fpsyg.2019.03087","10.3389/fpsyg.2019.03087","crossref-metadata","verified"
"source:worked-examples-meta","A Meta-analysis of the Worked Examples Effect on Mathematics Performance","Barbieri, Christina Areizaga; Miller-Cotto, Dana; Clerjuste, Sarah N.; Chawla, Kamal","2023","Educational Psychology Review","meta-analysis","primary-peer-reviewed","https://doi.org/10.1007/s10648-023-09745-1","10.1007/s10648-023-09745-1","crossref-metadata","verified"
"source:wouters-serious-games","A meta-analysis of the cognitive and motivational effects of serious games.","Wouters, Pieter; van Nimwegen, Christof; van Oostendorp, Herre; van der Spek, Erik D.","2013","Journal of Educational Psychology","meta-analysis","primary-peer-reviewed","https://doi.org/10.1037/a0031311","10.1037/a0031311","crossref-metadata","verified"
"source:writing-wwc","Teaching Secondary Students to Write Effectively (IES Practice Guide)","Institute of Education Sciences, What Works Clearinghouse","2016","What Works Clearinghouse","practice-guide","institutional-evidence-synthesis","https://ies.ed.gov/ncee/WWC/PracticeGuide/22/Published","","http-resolution","verified"
"source:wulf-attentional-focus","Attentional focus and motor learning: a review of 15 years","Wulf, Gabriele","2013","International Review of Sport and Exercise Psychology","systematic-review","primary-peer-reviewed","https://doi.org/10.1080/1750984X.2012.723728","10.1080/1750984X.2012.723728","crossref-metadata","verified"
"source:yeager-national-mindset","A national experiment reveals where a growth mindset improves achievement","Yeager, David S., et al.","2019","Nature","primary-study","primary-peer-reviewed","https://doi.org/10.1038/s41586-019-1466-y","10.1038/s41586-019-1466-y","crossref-metadata","verified"
"source:zimmerman-srl","Becoming a Self-Regulated Learner: An Overview","Zimmerman, Barry J.","2002","Theory Into Practice","framework","primary-peer-reviewed","https://doi.org/10.1207/s15430421tip4102_2","10.1207/s15430421tip4102_2","crossref-metadata","verified"
